{
  "100.0": {
    "exp+1": 0.11916904151439667,
    "exp+2": 0.1593240201473236,
    "exp-1": 0.061457619071006775,
    "exp-2": 0.046129435300827026,
    "exp0": 0.085418701171875
  },
  "110.0": {
    "exp+1": 0.1006486639380455,
    "exp+2": 0.13456305861473083,
    "exp-1": 0.05189012736082077,
    "exp-2": 0.03896033763885498,
    "exp0": 0.0721435546875
  },
  "125.0": {
    "exp+1": 0.07816875725984573,
    "exp+2": 0.10450836271047592,
    "exp-1": 0.04031303897500038,
    "exp-2": 0.030258536338806152,
    "exp0": 0.0560302734375
  },
  "140.0": {
    "exp+1": 0.06895114481449127,
    "exp+2": 0.09218479692935944,
    "exp-1": 0.03555934876203537,
    "exp-2": 0.026690468192100525,
    "exp0": 0.0494232177734375
  },
  "160.0": {
    "exp+1": 0.05647650361061096,
    "exp+2": 0.07550672441720963,
    "exp-1": 0.029135040938854218,
    "exp-2": 0.02186162769794464,
    "exp0": 0.0404815673828125
  },
  "180.0": {
    "exp+1": 0.04953668266534805,
    "exp+2": 0.0662284716963768,
    "exp-1": 0.02555493451654911,
    "exp-2": 0.019175276160240173,
    "exp0": 0.0355072021484375
  },
  "200.0": {
    "exp+1": 0.04361867904663086,
    "exp+2": 0.05831634998321533,
    "exp-1": 0.022494938224554062,
    "exp-2": 0.016884461045265198,
    "exp0": 0.0312652587890625
  },
  "250.0": {
    "exp+1": 0.03452879190444946,
    "exp+2": 0.04616355150938034,
    "exp-1": 0.017807120457291603,
    "exp-2": 0.013365834951400757,
    "exp0": 0.024749755859375
  },
  "300.0": {
    "exp+1": 0.02934521622955799,
    "exp+2": 0.03923332691192627,
    "exp-1": 0.015133856795728207,
    "exp-2": 0.011359311640262604,
    "exp0": 0.02103424072265625
  }
}