{
  "100.0": {
    "exp+1": 0.10013775527477264,
    "exp+2": 0.13387998938560486,
    "exp-1": 0.051626723259687424,
    "exp-2": 0.038762569427490234,
    "exp0": 0.07177734375
  },
  "110.0": {
    "exp+1": 0.08641669899225235,
    "exp+2": 0.1155163049697876,
    "exp-1": 0.04456464201211929,
    "exp-2": 0.033439308404922485,
    "exp0": 0.06192016601562499
  },
  "125.0": {
    "exp+1": 0.06907887011766434,
    "exp+2": 0.09235556423664093,
    "exp-1": 0.035614099353551865,
    "exp-2": 0.02673991024494171,
    "exp0": 0.0495147705078125
  },
  "140.0": {
    "exp+1": 0.06260738521814346,
    "exp+2": 0.08370345830917358,
    "exp-1": 0.032284483313560486,
    "exp-2": 0.02421293407678604,
    "exp0": 0.0448760986328125
  },
  "160.0": {
    "exp+1": 0.05307045578956604,
    "exp+2": 0.07095298171043396,
    "exp-1": 0.02736661583185196,
    "exp-2": 0.02052459865808487,
    "exp0": 0.0380401611328125
  },
  "180.0": {
    "exp+1": 0.0460667721927166,
    "exp+2": 0.06158934906125069,
    "exp-1": 0.023757465183734894,
    "exp-2": 0.01783210039138794,
    "exp0": 0.03302001953125
  },
  "200.0": {
    "exp+1": 0.03856595233082771,
    "exp+2": 0.05155249312520027,
    "exp-1": 0.019888263195753098,
    "exp-2": 0.014923259615898132,
    "exp0": 0.0276336669921875
  },
  "250.0": {
    "exp+1": 0.031644295901060104,
    "exp+2": 0.04230710119009018,
    "exp-1": 0.016317879781126976,
    "exp-2": 0.012238193303346634,
    "exp0": 0.02268218994140625
  },
  "300.0": {
    "exp+1": 0.02683325670659542,
    "exp+2": 0.03587494045495987,
    "exp-1": 0.013838394545018673,
    "exp-2": 0.010386951267719269,
    "exp0": 0.01923370361328125
  }
}