{
  "100.0": {
    "exp+1": 0.20512913167476654,
    "exp+2": 0.2742490768432617,
    "exp-1": 0.10577806085348129,
    "exp-2": 0.0793321430683136,
    "exp0": 0.14703369140625
  },
  "110.0": {
    "exp+1": 0.17251624166965485,
    "exp+2": 0.2306469976902008,
    "exp-1": 0.08894196152687073,
    "exp-2": 0.0667797327041626,
    "exp0": 0.12365722656250001
  },
  "125.0": {
    "exp+1": 0.13803672790527344,
    "exp+2": 0.18451865017414093,
    "exp-1": 0.07118482142686844,
    "exp-2": 0.05341389775276184,
    "exp0": 0.098907470703125
  },
  "140.0": {
    "exp+1": 0.11359164118766785,
    "exp+2": 0.15186727046966553,
    "exp-1": 0.05858125537633896,
    "exp-2": 0.043970465660095215,
    "exp0": 0.0814208984375
  },
  "160.0": {
    "exp+1": 0.09119688719511032,
    "exp+2": 0.12192641943693161,
    "exp-1": 0.04701719433069229,
    "exp-2": 0.03530162572860718,
    "exp0": 0.06536865234375
  },
  "180.0": {
    "exp+1": 0.07482657581567764,
    "exp+2": 0.100040003657341,
    "exp-1": 0.038589414209127426,
    "exp-2": 0.028964802622795105,
    "exp0": 0.0536346435546875
  },
  "200.0": {
    "exp+1": 0.06390593945980072,
    "exp+2": 0.08543957024812698,
    "exp-1": 0.03294715657830238,
    "exp-2": 0.024737507104873657,
    "exp0": 0.045806884765625
  },
  "250.0": {
    "exp+1": 0.04911092668771744,
    "exp+2": 0.06565925478935242,
    "exp-1": 0.025327390059828758,
    "exp-2": 0.019010469317436218,
    "exp0": 0.0352020263671875
  },
  "300.0": {
    "exp+1": 0.04295875504612923,
    "exp+2": 0.05743405967950821,
    "exp-1": 0.022154605016112328,
    "exp-2": 0.016629010438919067,
    "exp0": 0.030792236328125003
  }
}