{
  "100.0": {
    "exp+1": 0.13815774023532867,
    "exp+2": 0.18471112847328186,
    "exp-1": 0.07125043869018555,
    "exp-2": 0.05347982048988342,
    "exp0": 0.099029541015625
  },
  "110.0": {
    "exp+1": 0.11814722418785095,
    "exp+2": 0.15795789659023285,
    "exp-1": 0.0609116330742836,
    "exp-2": 0.045733898878097534,
    "exp0": 0.084686279296875
  },
  "125.0": {
    "exp+1": 0.09241238981485367,
    "exp+2": 0.12351042777299881,
    "exp-1": 0.04763958230614662,
    "exp-2": 0.035746604204177856,
    "exp0": 0.066192626953125
  },
  "140.0": {
    "exp+1": 0.08053170144557953,
    "exp+2": 0.10766752064228058,
    "exp-1": 0.041531648486852646,
    "exp-2": 0.031173214316368103,
    "exp0": 0.0577239990234375
  },
  "160.0": {
    "exp+1": 0.06544073671102524,
    "exp+2": 0.08747698366641998,
    "exp-1": 0.03374744951725006,
    "exp-2": 0.025322571396827698,
    "exp0": 0.0468902587890625
  },
  "180.0": {
    "exp+1": 0.05553983896970749,
    "exp+2": 0.07425443828105927,
    "exp-1": 0.028633955866098404,
    "exp-2": 0.02149905264377594,
    "exp0": 0.0398101806640625
  },
  "200.0": {
    "exp+1": 0.04880903661251068,
    "exp+2": 0.06524479389190674,
    "exp-1": 0.025170568376779556,
    "exp-2": 0.018886864185333252,
    "exp0": 0.03497314453125
  },
  "250.0": {
    "exp+1": 0.03685980662703514,
    "exp+2": 0.049280017614364624,
    "exp-1": 0.019009266048669815,
    "exp-2": 0.014268152415752411,
    "exp0": 0.02642059326171875
  },
  "300.0": {
    "exp+1": 0.031591713428497314,
    "exp+2": 0.042229775339365005,
    "exp-1": 0.016291683539748192,
    "exp-2": 0.012224547564983368,
    "exp0": 0.02263641357421875
  }
}