{
  "100.0": {
    "exp+1": 0.07561993598937988,
    "exp+2": 0.10108388215303421,
    "exp-1": 0.03899680823087692,
    "exp-2": 0.029261454939842224,
    "exp0": 0.0541839599609375
  },
  "110.0": {
    "exp+1": 0.06469358503818512,
    "exp+2": 0.086492620408535,
    "exp-1": 0.03335323557257652,
    "exp-2": 0.025042399764060974,
    "exp0": 0.0463714599609375
  },
  "125.0": {
    "exp+1": 0.057114239782094955,
    "exp+2": 0.07634665071964264,
    "exp-1": 0.029453517869114876,
    "exp-2": 0.022100597620010376,
    "exp0": 0.040924072265625
  },
  "140.0": {
    "exp+1": 0.04974956065416336,
    "exp+2": 0.06648442894220352,
    "exp-1": 0.025648735463619232,
    "exp-2": 0.01925767958164215,
    "exp0": 0.0356597900390625
  },
  "160.0": {
    "exp+1": 0.04206467047333717,
    "exp+2": 0.056238703429698944,
    "exp-1": 0.02168673649430275,
    "exp-2": 0.01628291606903076,
    "exp0": 0.0301513671875
  },
  "180.0": {
    "exp+1": 0.03807615861296654,
    "exp+2": 0.05089776962995529,
    "exp-1": 0.019635677337646484,
    "exp-2": 0.014733731746673584,
    "exp0": 0.02728271484375
  },
  "200.0": {
    "exp+1": 0.033742547035217285,
    "exp+2": 0.045104872435331345,
    "exp-1": 0.01740085706114769,
    "exp-2": 0.013056822121143341,
    "exp0": 0.02417755126953125
  },
  "250.0": {
    "exp+1": 0.0272997859865427,
    "exp+2": 0.036486539989709854,
    "exp-1": 0.014073334634304047,
    "exp-2": 0.010559998452663422,
    "exp0": 0.01955413818359375
  },
  "300.0": {
    "exp+1": 0.023107893764972687,
    "exp+2": 0.030894286930561066,
    "exp-1": 0.011913437396287918,
    "exp-2": 0.008944891393184662,
    "exp0": 0.01656341552734375
  }
}