{
  "100.0": {
    "exp+1": 0.05409029498696327,
    "exp+2": 0.07230443507432938,
    "exp-1": 0.02789408341050148,
    "exp-2": 0.020930469036102295,
    "exp0": 0.03875732421875
  },
  "110.0": {
    "exp+1": 0.04717373847961426,
    "exp+2": 0.06306931376457214,
    "exp-1": 0.024335941299796104,
    "exp-2": 0.018260598182678223,
    "exp0": 0.0338134765625
  },
  "125.0": {
    "exp+1": 0.041851792484521866,
    "exp+2": 0.05595409497618675,
    "exp-1": 0.021576985716819763,
    "exp-2": 0.016200512647628784,
    "exp0": 0.029998779296875
  },
  "140.0": {
    "exp+1": 0.038924720138311386,
    "exp+2": 0.05204072222113609,
    "exp-1": 0.020074179396033287,
    "exp-2": 0.015067465603351593,
    "exp0": 0.02790069580078125
  },
  "160.0": {
    "exp+1": 0.03325152397155762,
    "exp+2": 0.04445589706301689,
    "exp-1": 0.01714841090142727,
    "exp-2": 0.012871414422988892,
    "exp0": 0.023834228515625
  },
  "180.0": {
    "exp+1": 0.030335284769535065,
    "exp+2": 0.040550265461206436,
    "exp-1": 0.01564374938607216,
    "exp-2": 0.0117383673787117,
    "exp0": 0.02173614501953125
  },
  "200.0": {
    "exp+1": 0.027652837336063385,
    "exp+2": 0.03697068616747856,
    "exp-1": 0.0142566142603755,
    "exp-2": 0.010704204440116882,
    "exp0": 0.0198211669921875
  },
  "250.0": {
    "exp+1": 0.023597514256834984,
    "exp+2": 0.031548887491226196,
    "exp-1": 0.012169662863016129,
    "exp-2": 0.00913441926240921,
    "exp0": 0.01691436767578125
  },
  "300.0": {
    "exp+1": 0.020372413098812103,
    "exp+2": 0.027237065136432648,
    "exp-1": 0.010503141209483147,
    "exp-2": 0.00788600742816925,
    "exp0": 0.0146026611328125
  }
}