{
  "100.0": {
    "exp+1": 0.16446945071220398,
    "exp+2": 0.21988877654075623,
    "exp-1": 0.08479338139295578,
    "exp-2": 0.06366488337516785,
    "exp0": 0.117889404296875
  },
  "110.0": {
    "exp+1": 0.13794486224651337,
    "exp+2": 0.18442651629447937,
    "exp-1": 0.07114065438508987,
    "exp-2": 0.053397417068481445,
    "exp0": 0.098876953125
  },
  "125.0": {
    "exp+1": 0.11035271733999252,
    "exp+2": 0.14751243591308594,
    "exp-1": 0.05690832436084747,
    "exp-2": 0.04270145297050476,
    "exp0": 0.079071044921875
  },
  "140.0": {
    "exp+1": 0.08834432065486908,
    "exp+2": 0.11811266094446182,
    "exp-1": 0.04555613920092583,
    "exp-2": 0.034166499972343445,
    "exp0": 0.063323974609375
  },
  "160.0": {
    "exp+1": 0.07714694738388062,
    "exp+2": 0.10314223915338516,
    "exp-1": 0.03977365046739578,
    "exp-2": 0.02986299991607666,
    "exp0": 0.0552978515625
  },
  "180.0": {
    "exp+1": 0.06192617490887642,
    "exp+2": 0.08279270678758621,
    "exp-1": 0.03193644434213638,
    "exp-2": 0.023971155285835266,
    "exp0": 0.0443878173828125
  },
  "200.0": {
    "exp+1": 0.05522052198648453,
    "exp+2": 0.07382752746343613,
    "exp-1": 0.028478218242526054,
    "exp-2": 0.021375447511672974,
    "exp0": 0.039581298828125
  },
  "250.0": {
    "exp+1": 0.04090448468923569,
    "exp+2": 0.054687585681676865,
    "exp-1": 0.02109518088400364,
    "exp-2": 0.015833817422389984,
    "exp0": 0.02931976318359375
  },
  "300.0": {
    "exp+1": 0.03584863618016243,
    "exp+2": 0.04792812839150429,
    "exp-1": 0.018482016399502754,
    "exp-2": 0.013876736164093018,
    "exp0": 0.02569580078125
  }
}