{
  "100.0": {
    "exp+1": 0.06284154951572418,
    "exp+2": 0.08401652425527573,
    "exp-1": 0.032408520579338074,
    "exp-2": 0.02432548999786377,
    "exp0": 0.0450439453125
  },
  "110.0": {
    "exp+1": 0.054049693048000336,
    "exp+2": 0.07226218283176422,
    "exp-1": 0.027874400839209557,
    "exp-2": 0.020922228693962097,
    "exp0": 0.0387420654296875
  },
  "125.0": {
    "exp+1": 0.049323804676532745,
    "exp+2": 0.06594386696815491,
    "exp-1": 0.025445114821195602,
    "exp-2": 0.019092872738838196,
    "exp0": 0.0353546142578125
  },
  "140.0": {
    "exp+1": 0.04361867904663086,
    "exp+2": 0.05831634998321533,
    "exp-1": 0.022492656484246254,
    "exp-2": 0.0168691948056221,
    "exp0": 0.0312652587890625
  },
  "160.0": {
    "exp+1": 0.0375729463994503,
    "exp+2": 0.05023345723748207,
    "exp-1": 0.019377045333385468,
    "exp-2": 0.014544203877449036,
    "exp0": 0.0269317626953125
  },
  "180.0": {
    "exp+1": 0.03436913341283798,
    "exp+2": 0.04595009237527847,
    "exp-1": 0.017719248309731483,
    "exp-2": 0.013304032385349274,
    "exp0": 0.02463531494140625
  },
  "200.0": {
    "exp+1": 0.03098437562584877,
    "exp+2": 0.041424814611673355,
    "exp-1": 0.01597421243786812,
    "exp-2": 0.01199381798505783,
    "exp0": 0.02220916748046875
  },
  "250.0": {
    "exp+1": 0.025394754484295845,
    "exp+2": 0.03394607827067375,
    "exp-1": 0.013095943257212639,
    "exp-2": 0.009826608002185822,
    "exp0": 0.01819610595703125
  },
  "300.0": {
    "exp+1": 0.02190513350069523,
    "exp+2": 0.029286246746778488,
    "exp-1": 0.011296872049570084,
    "exp-2": 0.008479312062263489,
    "exp0": 0.0157012939453125
  }
}