{
  "100.0": {
    "exp+1": 0.22621005773544312,
    "exp+2": 0.3071553707122803,
    "exp-1": 0.11400872468948364,
    "exp-2": 0.08502478897571564,
    "exp0": 0.15997314453125
  },
  "110.0": {
    "exp+1": 0.2138253152370453,
    "exp+2": 0.2895773649215698,
    "exp-1": 0.10806689411401749,
    "exp-2": 0.08066806197166443,
    "exp0": 0.15142822265625
  },
  "125.0": {
    "exp+1": 0.20419780910015106,
    "exp+2": 0.2757652699947357,
    "exp-1": 0.10365648567676544,
    "exp-2": 0.07746648788452148,
    "exp0": 0.14501953125
  },
  "140.0": {
    "exp+1": 0.19386783242225647,
    "exp+2": 0.2613338530063629,
    "exp-1": 0.09863463789224625,
    "exp-2": 0.07378649711608887,
    "exp0": 0.13787841796875
  },
  "160.0": {
    "exp+1": 0.17628192901611328,
    "exp+2": 0.23718798160552979,
    "exp-1": 0.08994666486978531,
    "exp-2": 0.0673111081123352,
    "exp0": 0.12554931640625
  },
  "180.0": {
    "exp+1": 0.14913810789585114,
    "exp+2": 0.20047885179519653,
    "exp-1": 0.07615076005458832,
    "exp-2": 0.05698701739311218,
    "exp0": 0.106292724609375
  },
  "200.0": {
    "exp+1": 0.12684224545955658,
    "exp+2": 0.17098335921764374,
    "exp-1": 0.0645068883895874,
    "exp-2": 0.04823237657546997,
    "exp0": 0.0902099609375
  },
  "250.0": {
    "exp+1": 0.08606943488121033,
    "exp+2": 0.11677117645740509,
    "exp-1": 0.0433785580098629,
    "exp-2": 0.03235061839222908,
    "exp0": 0.0608673095703125
  },
  "300.0": {
    "exp+1": 0.06225063279271126,
    "exp+2": 0.08471673727035522,
    "exp-1": 0.03125477582216263,
    "exp-2": 0.02329494059085846,
    "exp0": 0.0439300537109375
  }
}