{
  "100.0": {
    "exp+1": 0.1576686054468155,
    "exp+2": 0.2124304175376892,
    "exp-1": 0.08032529801130295,
    "exp-2": 0.060051560401916504,
    "exp0": 0.112213134765625
  },
  "110.0": {
    "exp+1": 0.1504971981048584,
    "exp+2": 0.20263147354125977,
    "exp-1": 0.07673095166683197,
    "exp-2": 0.057392820715904236,
    "exp0": 0.107147216796875
  },
  "125.0": {
    "exp+1": 0.1285906732082367,
    "exp+2": 0.172946035861969,
    "exp-1": 0.06561252474784851,
    "exp-2": 0.049100786447525024,
    "exp0": 0.091583251953125
  },
  "140.0": {
    "exp+1": 0.12233219295740128,
    "exp+2": 0.16443076729774475,
    "exp-1": 0.06253394484519958,
    "exp-2": 0.046820059418678284,
    "exp0": 0.087249755859375
  },
  "160.0": {
    "exp+1": 0.1117144227027893,
    "exp+2": 0.15010841190814972,
    "exp-1": 0.05706578120589256,
    "exp-2": 0.04272596538066864,
    "exp0": 0.079620361328125
  },
  "180.0": {
    "exp+1": 0.09714767336845398,
    "exp+2": 0.13067935407161713,
    "exp-1": 0.04958654195070267,
    "exp-2": 0.03710782527923584,
    "exp0": 0.0692138671875
  },
  "200.0": {
    "exp+1": 0.08013460785150528,
    "exp+2": 0.10811243951320648,
    "exp-1": 0.04075325280427933,
    "exp-2": 0.030471570789813995,
    "exp0": 0.0569915771484375
  },
  "250.0": {
    "exp+1": 0.05942221358418465,
    "exp+2": 0.08055189251899719,
    "exp-1": 0.029954787343740463,
    "exp-2": 0.022345080971717834,
    "exp0": 0.042022705078125
  },
  "300.0": {
    "exp+1": 0.04309750720858574,
    "exp+2": 0.05878213047981262,
    "exp-1": 0.021551551297307014,
    "exp-2": 0.016049198806285858,
    "exp0": 0.0303497314453125
  }
}