{
  "100.0": {
    "exp+1": 0.15925288200378418,
    "exp+2": 0.21481706202030182,
    "exp-1": 0.0809609442949295,
    "exp-2": 0.06053522229194641,
    "exp0": 0.11322021484375
  },
  "110.0": {
    "exp+1": 0.1508290022611618,
    "exp+2": 0.20348875224590302,
    "exp-1": 0.07672996073961258,
    "exp-2": 0.05735345184803009,
    "exp0": 0.107269287109375
  },
  "125.0": {
    "exp+1": 0.15135449171066284,
    "exp+2": 0.2037857472896576,
    "exp-1": 0.0771436095237732,
    "exp-2": 0.05771975219249725,
    "exp0": 0.107757568359375
  },
  "140.0": {
    "exp+1": 0.133689746260643,
    "exp+2": 0.1798800379037857,
    "exp-1": 0.0682142898440361,
    "exp-2": 0.05104780197143555,
    "exp0": 0.09521484375
  },
  "160.0": {
    "exp+1": 0.12382978945970535,
    "exp+2": 0.16644373536109924,
    "exp-1": 0.06329949200153351,
    "exp-2": 0.047393232583999634,
    "exp0": 0.08831787109375
  },
  "180.0": {
    "exp+1": 0.10614796727895737,
    "exp+2": 0.1427498757839203,
    "exp-1": 0.05419975146651268,
    "exp-2": 0.04056009650230408,
    "exp0": 0.075653076171875
  },
  "200.0": {
    "exp+1": 0.09307200461626053,
    "exp+2": 0.12546107172966003,
    "exp-1": 0.04735248535871506,
    "exp-2": 0.0354233980178833,
    "exp0": 0.066192626953125
  },
  "250.0": {
    "exp+1": 0.061903975903987885,
    "exp+2": 0.08402607589960098,
    "exp-1": 0.03115766867995262,
    "exp-2": 0.02321920543909073,
    "exp0": 0.0437469482421875
  },
  "300.0": {
    "exp+1": 0.045417144894599915,
    "exp+2": 0.061837274581193924,
    "exp-1": 0.02277003973722458,
    "exp-2": 0.01696806401014328,
    "exp0": 0.0320281982421875
  }
}