{
  "100.0": {
    "exp+1": 0.19557005167007446,
    "exp+2": 0.26424455642700195,
    "exp-1": 0.09916508942842484,
    "exp-2": 0.07407313585281372,
    "exp0": 0.1387939453125
  },
  "110.0": {
    "exp+1": 0.1738113909959793,
    "exp+2": 0.23484531044960022,
    "exp-1": 0.08810412138700485,
    "exp-2": 0.06583192944526672,
    "exp0": 0.12335205078124999
  },
  "125.0": {
    "exp+1": 0.1642903834581375,
    "exp+2": 0.22176070511341095,
    "exp-1": 0.08345743268728256,
    "exp-2": 0.06237095594406128,
    "exp0": 0.11676025390625
  },
  "140.0": {
    "exp+1": 0.15868154168128967,
    "exp+2": 0.21372255682945251,
    "exp-1": 0.08078405261039734,
    "exp-2": 0.0603945255279541,
    "exp0": 0.11285400390625
  },
  "160.0": {
    "exp+1": 0.1467067003250122,
    "exp+2": 0.19726070761680603,
    "exp-1": 0.07488267123699188,
    "exp-2": 0.05603805184364319,
    "exp0": 0.104522705078125
  },
  "180.0": {
    "exp+1": 0.12789468467235565,
    "exp+2": 0.17190749943256378,
    "exp-1": 0.06535016000270844,
    "exp-2": 0.04890444874763489,
    "exp0": 0.091217041015625
  },
  "200.0": {
    "exp+1": 0.1105046346783638,
    "exp+2": 0.14878495037555695,
    "exp-1": 0.05630508065223694,
    "exp-2": 0.042141467332839966,
    "exp0": 0.07867431640625
  },
  "250.0": {
    "exp+1": 0.07017367333173752,
    "exp+2": 0.09532977640628815,
    "exp-1": 0.035308632999658585,
    "exp-2": 0.026321038603782654,
    "exp0": 0.049591064453125
  },
  "300.0": {
    "exp+1": 0.05201783403754234,
    "exp+2": 0.07103976607322693,
    "exp-1": 0.025983057916164398,
    "exp-2": 0.019339606165885925,
    "exp0": 0.0366058349609375
  }
}