{
  "100.0": {
    "exp+1": 0.1962435394525528,
    "exp+2": 0.2657668888568878,
    "exp-1": 0.09914939105510712,
    "exp-2": 0.07403513789176941,
    "exp0": 0.13897705078125
  },
  "110.0": {
    "exp+1": 0.1938658207654953,
    "exp+2": 0.2622000277042389,
    "exp-1": 0.0981210246682167,
    "exp-2": 0.07325685024261475,
    "exp0": 0.13739013671875
  },
  "125.0": {
    "exp+1": 0.18073569238185883,
    "exp+2": 0.24408012628555298,
    "exp-1": 0.09174645692110062,
    "exp-2": 0.06856566667556763,
    "exp0": 0.12835693359375
  },
  "140.0": {
    "exp+1": 0.168207585811615,
    "exp+2": 0.2265528440475464,
    "exp-1": 0.08563371002674103,
    "exp-2": 0.06402015686035156,
    "exp0": 0.11962890625
  },
  "160.0": {
    "exp+1": 0.15704259276390076,
    "exp+2": 0.21130138635635376,
    "exp-1": 0.0800965428352356,
    "exp-2": 0.05991019308567047,
    "exp0": 0.111846923828125
  },
  "180.0": {
    "exp+1": 0.1409168839454651,
    "exp+2": 0.18950779736042023,
    "exp-1": 0.0719757080078125,
    "exp-2": 0.053845614194869995,
    "exp0": 0.100433349609375
  },
  "200.0": {
    "exp+1": 0.12430821359157562,
    "exp+2": 0.16734188795089722,
    "exp-1": 0.06335603445768356,
    "exp-2": 0.0473887175321579,
    "exp0": 0.088470458984375
  },
  "250.0": {
    "exp+1": 0.07990307360887527,
    "exp+2": 0.10850930213928223,
    "exp-1": 0.04017579182982445,
    "exp-2": 0.029949292540550232,
    "exp0": 0.056427001953125
  },
  "300.0": {
    "exp+1": 0.058530546724796295,
    "exp+2": 0.07964017987251282,
    "exp-1": 0.029373761266469955,
    "exp-2": 0.02187497913837433,
    "exp0": 0.041290283203125
  }
}