{
  "100.0": {
    "exp+1": 0.15075449645519257,
    "exp+2": 0.2025999277830124,
    "exp-1": 0.07703552395105362,
    "exp-2": 0.05767759680747986,
    "exp0": 0.10748291015625
  },
  "110.0": {
    "exp+1": 0.12982679903507233,
    "exp+2": 0.17459362745285034,
    "exp-1": 0.06629029661417007,
    "exp-2": 0.04960799217224121,
    "exp0": 0.092529296875
  },
  "125.0": {
    "exp+1": 0.12224661558866501,
    "exp+2": 0.16431574523448944,
    "exp-1": 0.06249019876122475,
    "exp-2": 0.04678730666637421,
    "exp0": 0.087188720703125
  },
  "140.0": {
    "exp+1": 0.11013012379407883,
    "exp+2": 0.14804238080978394,
    "exp-1": 0.056233059614896774,
    "exp-2": 0.04208171367645264,
    "exp0": 0.0784912109375
  },
  "160.0": {
    "exp+1": 0.09671933203935623,
    "exp+2": 0.13004808127880096,
    "exp-1": 0.04936790466308594,
    "exp-2": 0.03694421052932739,
    "exp0": 0.06890869140625
  },
  "180.0": {
    "exp+1": 0.08069244027137756,
    "exp+2": 0.10877341032028198,
    "exp-1": 0.041058555245399475,
    "exp-2": 0.030697699636220932,
    "exp0": 0.0573883056640625
  },
  "200.0": {
    "exp+1": 0.07066567987203598,
    "exp+2": 0.09543266147375107,
    "exp-1": 0.03587186336517334,
    "exp-2": 0.026808425784111023,
    "exp0": 0.0501861572265625
  },
  "250.0": {
    "exp+1": 0.05481374263763428,
    "exp+2": 0.07423264533281326,
    "exp-1": 0.02768227830529213,
    "exp-2": 0.0206601619720459,
    "exp0": 0.038818359375
  },
  "300.0": {
    "exp+1": 0.038097262382507324,
    "exp+2": 0.05198629945516586,
    "exp-1": 0.019042041152715683,
    "exp-2": 0.01416410505771637,
    "exp0": 0.0268096923828125
  }
}