{
  "100.0": {
    "exp+1": 0.3124387264251709,
    "exp+2": 0.4246455430984497,
    "exp-1": 0.1570962518453598,
    "exp-2": 0.11710837483406067,
    "exp0": 0.22064208984375
  },
  "110.0": {
    "exp+1": 0.286824107170105,
    "exp+2": 0.38859906792640686,
    "exp-1": 0.14489957690238953,
    "exp-2": 0.1081085205078125,
    "exp0": 0.203125
  },
  "125.0": {
    "exp+1": 0.2821609377861023,
    "exp+2": 0.3813071548938751,
    "exp-1": 0.14312218129634857,
    "exp-2": 0.1069076657295227,
    "exp0": 0.2003173828125
  },
  "140.0": {
    "exp+1": 0.2597651481628418,
    "exp+2": 0.3502826690673828,
    "exp-1": 0.13225512206554413,
    "exp-2": 0.0989372730255127,
    "exp0": 0.18487548828125
  },
  "160.0": {
    "exp+1": 0.22882837057113647,
    "exp+2": 0.3075239062309265,
    "exp-1": 0.1169312596321106,
    "exp-2": 0.08754810690879822,
    "exp0": 0.16314697265625
  },
  "180.0": {
    "exp+1": 0.2061300128698349,
    "exp+2": 0.27720770239830017,
    "exp-1": 0.10529500246047974,
    "exp-2": 0.0788358747959137,
    "exp0": 0.14691162109375
  },
  "200.0": {
    "exp+1": 0.16330276429653168,
    "exp+2": 0.22042760252952576,
    "exp-1": 0.0829557254910469,
    "exp-2": 0.061996012926101685,
    "exp0": 0.116058349609375
  },
  "250.0": {
    "exp+1": 0.10846766829490662,
    "exp+2": 0.1473611295223236,
    "exp-1": 0.05453825742006302,
    "exp-2": 0.04065588116645813,
    "exp0": 0.07659912109375
  },
  "300.0": {
    "exp+1": 0.07991497963666916,
    "exp+2": 0.10909992456436157,
    "exp-1": 0.039872907102108,
    "exp-2": 0.029663167893886566,
    "exp0": 0.0561981201171875
  }
}