{
  "100.0": {
    "exp+1": 0.26660922169685364,
    "exp+2": 0.3619478642940521,
    "exp-1": 0.13429415225982666,
    "exp-2": 0.100128173828125,
    "exp0": 0.1884765625
  },
  "110.0": {
    "exp+1": 0.253987580537796,
    "exp+2": 0.3442540466785431,
    "exp-1": 0.12826992571353912,
    "exp-2": 0.09573191404342651,
    "exp0": 0.17987060546875
  },
  "125.0": {
    "exp+1": 0.23943397402763367,
    "exp+2": 0.3234865963459015,
    "exp-1": 0.12149249762296677,
    "exp-2": 0.09075099229812622,
    "exp0": 0.1700439453125
  },
  "140.0": {
    "exp+1": 0.2293161004781723,
    "exp+2": 0.30904045701026917,
    "exp-1": 0.1167111024260521,
    "exp-2": 0.08730912208557129,
    "exp0": 0.16314697265625
  },
  "160.0": {
    "exp+1": 0.20244759321212769,
    "exp+2": 0.2722555100917816,
    "exp-1": 0.10337088257074356,
    "exp-2": 0.07735705375671387,
    "exp0": 0.144287109375
  },
  "180.0": {
    "exp+1": 0.17615681886672974,
    "exp+2": 0.23689915239810944,
    "exp-1": 0.08994666486978531,
    "exp-2": 0.0673111081123352,
    "exp0": 0.12554931640625
  },
  "200.0": {
    "exp+1": 0.14390423893928528,
    "exp+2": 0.19372177124023438,
    "exp-1": 0.07331294566392899,
    "exp-2": 0.0548090934753418,
    "exp0": 0.1024169921875
  },
  "250.0": {
    "exp+1": 0.09511447697877884,
    "exp+2": 0.12927314639091492,
    "exp-1": 0.04778864607214928,
    "exp-2": 0.03561803698539734,
    "exp0": 0.067169189453125
  },
  "300.0": {
    "exp+1": 0.0689397007226944,
    "exp+2": 0.09392477571964264,
    "exp-1": 0.0345475934445858,
    "exp-2": 0.025723427534103394,
    "exp0": 0.0485992431640625
  }
}