{
  "100.0": {
    "exp+1": 0.06659543514251709,
    "exp+2": 0.09114287793636322,
    "exp-1": 0.033232081681489944,
    "exp-2": 0.024747557938098907,
    "exp0": 0.0467987060546875
  },
  "110.0": {
    "exp+1": 0.05422414839267731,
    "exp+2": 0.07420764863491058,
    "exp-1": 0.02708636410534382,
    "exp-2": 0.020164377987384796,
    "exp0": 0.0381317138671875
  },
  "125.0": {
    "exp+1": 0.04862597584724426,
    "exp+2": 0.06649229675531387,
    "exp-1": 0.024308055639266968,
    "exp-2": 0.018099278211593628,
    "exp0": 0.0341949462890625
  },
  "140.0": {
    "exp+1": 0.04447709396481514,
    "exp+2": 0.060578543692827225,
    "exp-1": 0.022349869832396507,
    "exp-2": 0.016674518585205078,
    "exp0": 0.0313873291015625
  },
  "160.0": {
    "exp+1": 0.0372929573059082,
    "exp+2": 0.05064638331532478,
    "exp-1": 0.01881393790245056,
    "exp-2": 0.014041438698768616,
    "exp0": 0.0263824462890625
  },
  "180.0": {
    "exp+1": 0.03109217993915081,
    "exp+2": 0.04224555566906929,
    "exp-1": 0.0156746543943882,
    "exp-2": 0.011698491871356964,
    "exp0": 0.02198028564453125
  },
  "200.0": {
    "exp+1": 0.025876739993691444,
    "exp+2": 0.03531276807188988,
    "exp-1": 0.012978493236005306,
    "exp-2": 0.009673185646533966,
    "exp0": 0.01824188232421875
  },
  "250.0": {
    "exp+1": 0.01882755756378174,
    "exp+2": 0.02577074244618416,
    "exp-1": 0.009412124752998352,
    "exp-2": 0.007010340690612793,
    "exp0": 0.01324462890625
  },
  "300.0": {
    "exp+1": 0.01442632358521223,
    "exp+2": 0.019834667444229126,
    "exp-1": 0.007175439968705177,
    "exp-2": 0.005339853465557098,
    "exp0": 0.0101165771484375
  }
}