{
  "100.0": {
    "exp+1": 0.036266423761844635,
    "exp+2": 0.049260836094617844,
    "exp-1": 0.018308373168110847,
    "exp-2": 0.013659745454788208,
    "exp0": 0.025665283203125
  },
  "110.0": {
    "exp+1": 0.032687958329916,
    "exp+2": 0.044392477720975876,
    "exp-1": 0.016496041789650917,
    "exp-2": 0.012307576835155487,
    "exp0": 0.02312469482421875
  },
  "125.0": {
    "exp+1": 0.0280721727758646,
    "exp+2": 0.038123928010463715,
    "exp-1": 0.014162139967083931,
    "exp-2": 0.010569654405117035,
    "exp0": 0.01985931396484375
  },
  "140.0": {
    "exp+1": 0.024660058319568634,
    "exp+2": 0.033533792942762375,
    "exp-1": 0.012426776811480522,
    "exp-2": 0.00926988199353218,
    "exp0": 0.01743316650390625
  },
  "160.0": {
    "exp+1": 0.020863596349954605,
    "exp+2": 0.028421541675925255,
    "exp-1": 0.010487706400454044,
    "exp-2": 0.007824540138244629,
    "exp0": 0.014728546142578125
  },
  "180.0": {
    "exp+1": 0.017572687938809395,
    "exp+2": 0.024026740342378616,
    "exp-1": 0.008800603449344635,
    "exp-2": 0.006556026637554169,
    "exp0": 0.0123748779296875
  },
  "200.0": {
    "exp+1": 0.01453110110014677,
    "exp+2": 0.019936691969633102,
    "exp-1": 0.007243088446557522,
    "exp-2": 0.0053911469876766205,
    "exp0": 0.010204315185546875
  },
  "250.0": {
    "exp+1": 0.012127690948545933,
    "exp+2": 0.016633275896310806,
    "exp-1": 0.0060408711433410645,
    "exp-2": 0.004496317356824875,
    "exp0": 0.008510589599609375
  },
  "300.0": {
    "exp+1": 0.009626351296901703,
    "exp+2": 0.013238159939646721,
    "exp-1": 0.004785860888659954,
    "exp-2": 0.003558620810508728,
    "exp0": 0.006748199462890625
  }
}