{
  "100.0": {
    "exp+1": 0.09646043926477432,
    "exp+2": 0.1324155479669571,
    "exp-1": 0.04789916053414345,
    "exp-2": 0.03558054566383362,
    "exp0": 0.067596435546875
  },
  "110.0": {
    "exp+1": 0.08531251549720764,
    "exp+2": 0.1168065294623375,
    "exp-1": 0.042554162442684174,
    "exp-2": 0.031673744320869446,
    "exp0": 0.0599517822265625
  },
  "125.0": {
    "exp+1": 0.06886562705039978,
    "exp+2": 0.09412514418363571,
    "exp-1": 0.034449972212314606,
    "exp-2": 0.025650739669799805,
    "exp0": 0.0484619140625
  },
  "140.0": {
    "exp+1": 0.060953643172979355,
    "exp+2": 0.08298066258430481,
    "exp-1": 0.030650939792394638,
    "exp-2": 0.022867679595947266,
    "exp0": 0.0430450439453125
  },
  "160.0": {
    "exp+1": 0.05002265423536301,
    "exp+2": 0.06788970530033112,
    "exp-1": 0.025255445390939713,
    "exp-2": 0.01885831356048584,
    "exp0": 0.035400390625
  },
  "180.0": {
    "exp+1": 0.042492859065532684,
    "exp+2": 0.05777352303266525,
    "exp-1": 0.021405600011348724,
    "exp-2": 0.015967726707458496,
    "exp0": 0.030029296875
  },
  "200.0": {
    "exp+1": 0.03340459242463112,
    "exp+2": 0.04573392495512962,
    "exp-1": 0.01668645814061165,
    "exp-2": 0.012422192841768265,
    "exp0": 0.02349090576171875
  },
  "250.0": {
    "exp+1": 0.025571491569280624,
    "exp+2": 0.034995485097169876,
    "exp-1": 0.012774886563420296,
    "exp-2": 0.009518072009086609,
    "exp0": 0.01798248291015625
  },
  "300.0": {
    "exp+1": 0.01956287771463394,
    "exp+2": 0.02689206227660179,
    "exp-1": 0.009727990254759789,
    "exp-2": 0.007235254161059856,
    "exp0": 0.013713836669921875
  }
}