{
  "100.0": {
    "exp+1": 0.055222269147634506,
    "exp+2": 0.07557361572980881,
    "exp-1": 0.027593888342380524,
    "exp-2": 0.020535551011562347,
    "exp0": 0.0388336181640625
  },
  "110.0": {
    "exp+1": 0.0468631274998188,
    "exp+2": 0.06417453289031982,
    "exp-1": 0.023383669555187225,
    "exp-2": 0.017404839396476746,
    "exp0": 0.0329437255859375
  },
  "125.0": {
    "exp+1": 0.042207203805446625,
    "exp+2": 0.05777525156736374,
    "exp-1": 0.021076204255223274,
    "exp-2": 0.01569012925028801,
    "exp0": 0.02967071533203125
  },
  "140.0": {
    "exp+1": 0.0388609804213047,
    "exp+2": 0.0529976524412632,
    "exp-1": 0.019497593864798546,
    "exp-2": 0.014532029628753662,
    "exp0": 0.02740478515625
  },
  "160.0": {
    "exp+1": 0.03304470703005791,
    "exp+2": 0.04490630328655243,
    "exp-1": 0.016664860770106316,
    "exp-2": 0.012437514960765839,
    "exp0": 0.02336883544921875
  },
  "180.0": {
    "exp+1": 0.028512855991721153,
    "exp+2": 0.03877299278974533,
    "exp-1": 0.014368291012942791,
    "exp-2": 0.010718174278736115,
    "exp0": 0.0201568603515625
  },
  "200.0": {
    "exp+1": 0.024050099775195122,
    "exp+2": 0.03279893472790718,
    "exp-1": 0.01207555178552866,
    "exp-2": 0.009001795202493668,
    "exp0": 0.01696014404296875
  },
  "250.0": {
    "exp+1": 0.017503708600997925,
    "exp+2": 0.023943452164530754,
    "exp-1": 0.008753384463489056,
    "exp-2": 0.006519697606563568,
    "exp0": 0.012317657470703125
  },
  "300.0": {
    "exp+1": 0.013294846750795841,
    "exp+2": 0.018279006704688072,
    "exp-1": 0.006612660363316536,
    "exp-2": 0.004921041429042816,
    "exp0": 0.0093231201171875
  }
}