{
  "100.0": {
    "exp+1": 0.07602650672197342,
    "exp+2": 0.10440228879451752,
    "exp-1": 0.03777870535850525,
    "exp-2": 0.0280628502368927,
    "exp0": 0.053314208984375
  },
  "110.0": {
    "exp+1": 0.06778765469789505,
    "exp+2": 0.0927533507347107,
    "exp-1": 0.03384982794523239,
    "exp-2": 0.025199420750141144,
    "exp0": 0.0476531982421875
  },
  "125.0": {
    "exp+1": 0.05575157701969147,
    "exp+2": 0.07622787356376648,
    "exp-1": 0.027900226414203644,
    "exp-2": 0.02078065276145935,
    "exp0": 0.0392608642578125
  },
  "140.0": {
    "exp+1": 0.052671946585178375,
    "exp+2": 0.07171060144901276,
    "exp-1": 0.026467809453606606,
    "exp-2": 0.019746780395507812,
    "exp0": 0.03717041015625
  },
  "160.0": {
    "exp+1": 0.045273520052433014,
    "exp+2": 0.06148453429341316,
    "exp-1": 0.0228473711758852,
    "exp-2": 0.017046257853507996,
    "exp0": 0.0320281982421875
  },
  "180.0": {
    "exp+1": 0.0362076573073864,
    "exp+2": 0.049236707389354706,
    "exp-1": 0.01824588142335415,
    "exp-2": 0.013610702008008957,
    "exp0": 0.02559661865234375
  },
  "200.0": {
    "exp+1": 0.02913491427898407,
    "exp+2": 0.03976604342460632,
    "exp-1": 0.014617768116295338,
    "exp-2": 0.010894976556301117,
    "exp0": 0.02054595947265625
  },
  "250.0": {
    "exp+1": 0.021763432770967484,
    "exp+2": 0.02978402189910412,
    "exp-1": 0.010872473940253258,
    "exp-2": 0.008100658655166626,
    "exp0": 0.0153045654296875
  },
  "300.0": {
    "exp+1": 0.01630305126309395,
    "exp+2": 0.022423984482884407,
    "exp-1": 0.008106260560452938,
    "exp-2": 0.006034517660737038,
    "exp0": 0.011432647705078125
  }
}