{
  "100.0": {
    "exp+1": 0.048656947910785675,
    "exp+2": 0.06655819714069366,
    "exp-1": 0.02432485856115818,
    "exp-2": 0.018123507499694824,
    "exp0": 0.03424072265625
  },
  "110.0": {
    "exp+1": 0.04328818619251251,
    "exp+2": 0.05928952619433403,
    "exp-1": 0.021616565063595772,
    "exp-2": 0.01609761267900467,
    "exp0": 0.0304412841796875
  },
  "125.0": {
    "exp+1": 0.03793463855981827,
    "exp+2": 0.05189107358455658,
    "exp-1": 0.01897677220404148,
    "exp-2": 0.01412971317768097,
    "exp0": 0.02669525146484375
  },
  "140.0": {
    "exp+1": 0.03587859869003296,
    "exp+2": 0.04884416610002518,
    "exp-1": 0.018041789531707764,
    "exp-2": 0.013460397720336914,
    "exp0": 0.02533721923828125
  },
  "160.0": {
    "exp+1": 0.029851356521248817,
    "exp+2": 0.040533144026994705,
    "exp-1": 0.015054414980113506,
    "exp-2": 0.011235587298870087,
    "exp0": 0.02111053466796875
  },
  "180.0": {
    "exp+1": 0.024657949805259705,
    "exp+2": 0.03352508321404457,
    "exp-1": 0.012421338818967342,
    "exp-2": 0.009265825152397156,
    "exp0": 0.017425537109375
  },
  "200.0": {
    "exp+1": 0.02149360254406929,
    "exp+2": 0.029331307858228683,
    "exp-1": 0.010784673504531384,
    "exp-2": 0.008042089641094208,
    "exp0": 0.0151519775390625
  },
  "250.0": {
    "exp+1": 0.016338545829057693,
    "exp+2": 0.02236383780837059,
    "exp-1": 0.00816519558429718,
    "exp-2": 0.006083570420742035,
    "exp0": 0.011493682861328125
  },
  "300.0": {
    "exp+1": 0.012016496621072292,
    "exp+2": 0.01652805507183075,
    "exp-1": 0.0059768278151750565,
    "exp-2": 0.00444786436855793,
    "exp0": 0.008426666259765625
  }
}