{
  "100.0": {
    "exp+1": 0.040549587458372116,
    "exp+2": 0.055131442844867706,
    "exp-1": 0.02042013220489025,
    "exp-2": 0.015237495303153992,
    "exp0": 0.028656005859375
  },
  "110.0": {
    "exp+1": 0.03633234649896622,
    "exp+2": 0.049461886286735535,
    "exp-1": 0.018269959837198257,
    "exp-2": 0.01363062858581543,
    "exp0": 0.02565765380859375
  },
  "125.0": {
    "exp+1": 0.03145967423915863,
    "exp+2": 0.042800575494766235,
    "exp-1": 0.015842100605368614,
    "exp-2": 0.011817578226327896,
    "exp0": 0.02222442626953125
  },
  "140.0": {
    "exp+1": 0.02792118862271309,
    "exp+2": 0.037918880581855774,
    "exp-1": 0.014090482145547867,
    "exp-2": 0.010512806475162506,
    "exp0": 0.01975250244140625
  },
  "160.0": {
    "exp+1": 0.023958569392561913,
    "exp+2": 0.03257988020777702,
    "exp-1": 0.012078352272510529,
    "exp-2": 0.00901445746421814,
    "exp0": 0.016937255859375
  },
  "180.0": {
    "exp+1": 0.02006879635155201,
    "exp+2": 0.027369331568479538,
    "exp-1": 0.010073297657072544,
    "exp-2": 0.007511619478464127,
    "exp0": 0.01415252685546875
  },
  "200.0": {
    "exp+1": 0.016540292650461197,
    "exp+2": 0.022683044895529747,
    "exp-1": 0.008253843523561954,
    "exp-2": 0.006146544590592384,
    "exp0": 0.011623382568359375
  },
  "250.0": {
    "exp+1": 0.013598106801509857,
    "exp+2": 0.01863308995962143,
    "exp-1": 0.006785650737583637,
    "exp-2": 0.005053197965025902,
    "exp0": 0.009555816650390625
  },
  "300.0": {
    "exp+1": 0.010463436134159565,
    "exp+2": 0.014391902834177017,
    "exp-1": 0.005203845910727978,
    "exp-2": 0.0038694217801094055,
    "exp0": 0.0073375701904296875
  }
}