{
  "100.0": {
    "exp+1": 0.02957010641694069,
    "exp+2": 0.040236856788396835,
    "exp-1": 0.014895817264914513,
    "exp-2": 0.011111687868833542,
    "exp0": 0.02089691162109375
  },
  "110.0": {
    "exp+1": 0.026544328778982162,
    "exp+2": 0.03613673895597458,
    "exp-1": 0.013356571085751057,
    "exp-2": 0.009958505630493164,
    "exp0": 0.01874542236328125
  },
  "125.0": {
    "exp+1": 0.02288971282541752,
    "exp+2": 0.031210949644446373,
    "exp-1": 0.01148888561874628,
    "exp-2": 0.008564461022615433,
    "exp0": 0.01613616943359375
  },
  "140.0": {
    "exp+1": 0.019874906167387962,
    "exp+2": 0.027174510061740875,
    "exp-1": 0.009950365871191025,
    "exp-2": 0.007414938881993294,
    "exp0": 0.013996124267578125
  },
  "160.0": {
    "exp+1": 0.016941485926508904,
    "exp+2": 0.02319973334670067,
    "exp-1": 0.008457006886601448,
    "exp-2": 0.006297837942838669,
    "exp0": 0.01190948486328125
  },
  "180.0": {
    "exp+1": 0.014824438840150833,
    "exp+2": 0.020339151844382286,
    "exp-1": 0.00739170191809535,
    "exp-2": 0.005499977618455887,
    "exp0": 0.010410308837890625
  },
  "200.0": {
    "exp+1": 0.013008320704102516,
    "exp+2": 0.01786987856030464,
    "exp-1": 0.0064767757430672646,
    "exp-2": 0.004818351939320564,
    "exp0": 0.009128570556640625
  },
  "250.0": {
    "exp+1": 0.010283922776579857,
    "exp+2": 0.014139305800199509,
    "exp-1": 0.005115071311593056,
    "exp-2": 0.0038065584376454353,
    "exp0": 0.0072116851806640625
  },
  "300.0": {
    "exp+1": 0.00889444351196289,
    "exp+2": 0.01223164051771164,
    "exp-1": 0.004421984311193228,
    "exp-2": 0.003288052976131439,
    "exp0": 0.0062351226806640625
  }
}