{
  "100.0": {
    "exp+1": 0.1909317523241043,
    "exp+2": 0.25754886865615845,
    "exp-1": 0.09706584364175797,
    "exp-2": 0.07257699966430664,
    "exp0": 0.1357421875
  },
  "110.0": {
    "exp+1": 0.19386783242225647,
    "exp+2": 0.2611137330532074,
    "exp-1": 0.09866593033075333,
    "exp-2": 0.07378649711608887,
    "exp0": 0.13787841796875
  },
  "125.0": {
    "exp+1": 0.16684485971927643,
    "exp+2": 0.22479379177093506,
    "exp-1": 0.08500020205974579,
    "exp-2": 0.06354653835296631,
    "exp0": 0.118743896484375
  },
  "140.0": {
    "exp+1": 0.15569613873958588,
    "exp+2": 0.20977286994457245,
    "exp-1": 0.07932040840387344,
    "exp-2": 0.05930030345916748,
    "exp0": 0.110809326171875
  },
  "160.0": {
    "exp+1": 0.13332599401474,
    "exp+2": 0.17976851761341095,
    "exp-1": 0.06782331317663193,
    "exp-2": 0.05067989230155945,
    "exp0": 0.09478759765625
  },
  "180.0": {
    "exp+1": 0.10745026171207428,
    "exp+2": 0.14525312185287476,
    "exp-1": 0.054422080516815186,
    "exp-2": 0.04063135385513306,
    "exp0": 0.076202392578125
  },
  "200.0": {
    "exp+1": 0.09501408785581589,
    "exp+2": 0.1284416913986206,
    "exp-1": 0.048123329877853394,
    "exp-2": 0.03592872619628906,
    "exp0": 0.0673828125
  },
  "250.0": {
    "exp+1": 0.07061387598514557,
    "exp+2": 0.09575624763965607,
    "exp-1": 0.03563304245471954,
    "exp-2": 0.02657230943441391,
    "exp0": 0.0499725341796875
  },
  "300.0": {
    "exp+1": 0.0558658167719841,
    "exp+2": 0.07569423317909241,
    "exp-1": 0.028211763128638268,
    "exp-2": 0.021041855216026306,
    "exp0": 0.0395355224609375
  }
}