{
  "100.0": {
    "exp+1": 0.34790024161338806,
    "exp+2": 0.4745127856731415,
    "exp-1": 0.17408543825149536,
    "exp-2": 0.12955552339553833,
    "exp0": 0.2449951171875
  },
  "110.0": {
    "exp+1": 0.3239887058734894,
    "exp+2": 0.4407341778278351,
    "exp-1": 0.1626681238412857,
    "exp-2": 0.12124049663543701,
    "exp0": 0.2286376953125
  },
  "125.0": {
    "exp+1": 0.33334633708000183,
    "exp+2": 0.4504010081291199,
    "exp-1": 0.1690254509449005,
    "exp-2": 0.12625658512115479,
    "exp0": 0.236572265625
  },
  "140.0": {
    "exp+1": 0.30024003982543945,
    "exp+2": 0.40526682138442993,
    "exp-1": 0.1525181233882904,
    "exp-2": 0.1139826774597168,
    "exp0": 0.21337890625
  },
  "160.0": {
    "exp+1": 0.2546961009502411,
    "exp+2": 0.34298446774482727,
    "exp-1": 0.12990282475948334,
    "exp-2": 0.09716403484344482,
    "exp0": 0.181396484375
  },
  "180.0": {
    "exp+1": 0.20914381742477417,
    "exp+2": 0.28192588686943054,
    "exp-1": 0.10644040256738663,
    "exp-2": 0.07960057258605957,
    "exp0": 0.14874267578125
  },
  "200.0": {
    "exp+1": 0.17819751799106598,
    "exp+2": 0.24077163636684418,
    "exp-1": 0.09035623073577881,
    "exp-2": 0.06749320030212402,
    "exp0": 0.12646484375
  },
  "250.0": {
    "exp+1": 0.11630476266145706,
    "exp+2": 0.1576119363307953,
    "exp-1": 0.058716025203466415,
    "exp-2": 0.043821632862091064,
    "exp0": 0.08233642578125
  },
  "300.0": {
    "exp+1": 0.08155807852745056,
    "exp+2": 0.11123979091644287,
    "exp-1": 0.040784336626529694,
    "exp-2": 0.030371636152267456,
    "exp0": 0.05743408203125
  }
}