{
  "100.0": {
    "exp+1": 0.1852402538061142,
    "exp+2": 0.24947300553321838,
    "exp-1": 0.09437184780836105,
    "exp-2": 0.07055282592773438,
    "exp0": 0.1318359375
  },
  "110.0": {
    "exp+1": 0.17229057848453522,
    "exp+2": 0.23213092982769012,
    "exp-1": 0.08777455985546112,
    "exp-2": 0.06562066078186035,
    "exp0": 0.12261962890624999
  },
  "125.0": {
    "exp+1": 0.15395745635032654,
    "exp+2": 0.20715032517910004,
    "exp-1": 0.07852301746606827,
    "exp-2": 0.05873323976993561,
    "exp0": 0.109649658203125
  },
  "140.0": {
    "exp+1": 0.13366495072841644,
    "exp+2": 0.1801803559064865,
    "exp-1": 0.06801984459161758,
    "exp-2": 0.05082674324512482,
    "exp0": 0.095062255859375
  },
  "160.0": {
    "exp+1": 0.10977397859096527,
    "exp+2": 0.14851833879947662,
    "exp-1": 0.05557573214173317,
    "exp-2": 0.04147203266620636,
    "exp0": 0.077850341796875
  },
  "180.0": {
    "exp+1": 0.09772508591413498,
    "exp+2": 0.13221684098243713,
    "exp-1": 0.04949641227722168,
    "exp-2": 0.036953866481781006,
    "exp0": 0.069305419921875
  },
  "200.0": {
    "exp+1": 0.08300229907035828,
    "exp+2": 0.11235273629426956,
    "exp-1": 0.041992247104644775,
    "exp-2": 0.03133568912744522,
    "exp0": 0.0588226318359375
  },
  "250.0": {
    "exp+1": 0.054101575165987015,
    "exp+2": 0.07443223148584366,
    "exp-1": 0.026645595207810402,
    "exp-2": 0.019738972187042236,
    "exp0": 0.03778076171875
  },
  "300.0": {
    "exp+1": 0.050985727459192276,
    "exp+2": 0.0692300796508789,
    "exp-1": 0.025701947510242462,
    "exp-2": 0.019172631204128265,
    "exp0": 0.0360565185546875
  }
}