{
  "100.0": {
    "exp+1": 0.2638988792896271,
    "exp+2": 0.35739052295684814,
    "exp-1": 0.1333313286304474,
    "exp-2": 0.09955888986587524,
    "exp0": 0.1868896484375
  },
  "110.0": {
    "exp+1": 0.23606672883033752,
    "exp+2": 0.31954225897789,
    "exp-1": 0.119353748857975,
    "exp-2": 0.08912178874015808,
    "exp0": 0.16729736328125
  },
  "125.0": {
    "exp+1": 0.2261129915714264,
    "exp+2": 0.3053613007068634,
    "exp-1": 0.11478123813867569,
    "exp-2": 0.08578044176101685,
    "exp0": 0.16058349609375
  },
  "140.0": {
    "exp+1": 0.19589459896087646,
    "exp+2": 0.26442036032676697,
    "exp-1": 0.09958522766828537,
    "exp-2": 0.07443711161613464,
    "exp0": 0.13922119140625
  },
  "160.0": {
    "exp+1": 0.18335354328155518,
    "exp+2": 0.24703630805015564,
    "exp-1": 0.09341065585613251,
    "exp-2": 0.06983423233032227,
    "exp0": 0.1304931640625
  },
  "180.0": {
    "exp+1": 0.14888982474803925,
    "exp+2": 0.20127184689044952,
    "exp-1": 0.07536251842975616,
    "exp-2": 0.05630135536193848,
    "exp0": 0.1055908203125
  },
  "200.0": {
    "exp+1": 0.13608890771865845,
    "exp+2": 0.18363137543201447,
    "exp-1": 0.06910449266433716,
    "exp-2": 0.05162802338600159,
    "exp0": 0.096649169921875
  },
  "250.0": {
    "exp+1": 0.0905151292681694,
    "exp+2": 0.12264160066843033,
    "exp-1": 0.0456947423517704,
    "exp-2": 0.03409251570701599,
    "exp0": 0.064056396484375
  },
  "300.0": {
    "exp+1": 0.06183834746479988,
    "exp+2": 0.08486174046993256,
    "exp-1": 0.030592015013098717,
    "exp-2": 0.0226934552192688,
    "exp0": 0.04327392578125
  }
}