{
  "100.0": {
    "exp+1": 0.28354907035827637,
    "exp+2": 0.3843216300010681,
    "exp-1": 0.14319920539855957,
    "exp-2": 0.10687410831451416,
    "exp0": 0.2008056640625
  },
  "110.0": {
    "exp+1": 0.24580097198486328,
    "exp+2": 0.3331812024116516,
    "exp-1": 0.12404794245958328,
    "exp-2": 0.09258091449737549,
    "exp0": 0.1739501953125
  },
  "125.0": {
    "exp+1": 0.2345261573791504,
    "exp+2": 0.3170908987522125,
    "exp-1": 0.11882626265287399,
    "exp-2": 0.0887153148651123,
    "exp0": 0.1663818359375
  },
  "140.0": {
    "exp+1": 0.2276705801486969,
    "exp+2": 0.30731189250946045,
    "exp-1": 0.11567795276641846,
    "exp-2": 0.08647201955318451,
    "exp0": 0.16180419921875
  },
  "160.0": {
    "exp+1": 0.21329365670681,
    "exp+2": 0.2871814966201782,
    "exp-1": 0.10874771326780319,
    "exp-2": 0.08134055137634277,
    "exp0": 0.15185546875
  },
  "180.0": {
    "exp+1": 0.16911748051643372,
    "exp+2": 0.22785574197769165,
    "exp-1": 0.08615799993276596,
    "exp-2": 0.06441211700439453,
    "exp0": 0.120361328125
  },
  "200.0": {
    "exp+1": 0.13998225331306458,
    "exp+2": 0.18938854336738586,
    "exp-1": 0.07087646424770355,
    "exp-2": 0.05293303728103638,
    "exp0": 0.099273681640625
  },
  "250.0": {
    "exp+1": 0.09797540307044983,
    "exp+2": 0.1328599601984024,
    "exp-1": 0.04942431300878525,
    "exp-2": 0.03686857223510742,
    "exp0": 0.0693359375
  },
  "300.0": {
    "exp+1": 0.07151951640844345,
    "exp+2": 0.09720447659492493,
    "exp-1": 0.03596048429608345,
    "exp-2": 0.026806965470314026,
    "exp0": 0.050506591796875
  }
}