{
  "100.0": {
    "exp+1": 0.2970544695854187,
    "exp+2": 0.4040691554546356,
    "exp-1": 0.14936093986034393,
    "exp-2": 0.11134204268455505,
    "exp0": 0.20977783203125
  },
  "110.0": {
    "exp+1": 0.2962944209575653,
    "exp+2": 0.4029650092124939,
    "exp-1": 0.14886368811130524,
    "exp-2": 0.11091595888137817,
    "exp0": 0.20916748046875
  },
  "125.0": {
    "exp+1": 0.2773585915565491,
    "exp+2": 0.3747531473636627,
    "exp-1": 0.14063650369644165,
    "exp-2": 0.1050509512424469,
    "exp0": 0.19683837890625
  },
  "140.0": {
    "exp+1": 0.23986659944057465,
    "exp+2": 0.3235573470592499,
    "exp-1": 0.12198208272457123,
    "exp-2": 0.09117811918258667,
    "exp0": 0.1705322265625
  },
  "160.0": {
    "exp+1": 0.21664594113826752,
    "exp+2": 0.29174453020095825,
    "exp-1": 0.11049607396125793,
    "exp-2": 0.08264827728271484,
    "exp0": 0.154296875
  },
  "180.0": {
    "exp+1": 0.18693594634532928,
    "exp+2": 0.2518201768398285,
    "exp-1": 0.09524167329072952,
    "exp-2": 0.07123836874961853,
    "exp0": 0.13299560546875
  },
  "200.0": {
    "exp+1": 0.16028153896331787,
    "exp+2": 0.2162756770849228,
    "exp-1": 0.08136336505413055,
    "exp-2": 0.06080597639083862,
    "exp0": 0.11383056640625
  },
  "250.0": {
    "exp+1": 0.10643863677978516,
    "exp+2": 0.1442066878080368,
    "exp-1": 0.05377132445573807,
    "exp-2": 0.040118396282196045,
    "exp0": 0.07537841796875
  },
  "300.0": {
    "exp+1": 0.07207990437746048,
    "exp+2": 0.09883246570825577,
    "exp-1": 0.035698678344488144,
    "exp-2": 0.026495009660720825,
    "exp0": 0.05047607421875
  }
}