{
  "100.0": {
    "exp+1": 0.38866063952445984,
    "exp+2": 0.5310315489768982,
    "exp-1": 0.19398196041584015,
    "exp-2": 0.14426463842391968,
    "exp0": 0.2733154296875
  },
  "110.0": {
    "exp+1": 0.3932485282421112,
    "exp+2": 0.5357693433761597,
    "exp-1": 0.19715087115764618,
    "exp-2": 0.14686793088912964,
    "exp0": 0.2772216796875
  },
  "125.0": {
    "exp+1": 0.40696460008621216,
    "exp+2": 0.5503305792808533,
    "exp-1": 0.20628833770751953,
    "exp-2": 0.15413987636566162,
    "exp0": 0.288818359375
  },
  "140.0": {
    "exp+1": 0.32866665720939636,
    "exp+2": 0.4432646632194519,
    "exp-1": 0.16708140075206757,
    "exp-2": 0.12488856911659241,
    "exp0": 0.23358154296875
  },
  "160.0": {
    "exp+1": 0.298271119594574,
    "exp+2": 0.4018673002719879,
    "exp-1": 0.15197138488292694,
    "exp-2": 0.11370676755905151,
    "exp0": 0.2122802734375
  },
  "180.0": {
    "exp+1": 0.25574418902397156,
    "exp+2": 0.34474316239356995,
    "exp-1": 0.13019819557666779,
    "exp-2": 0.0973367691040039,
    "exp0": 0.181884765625
  },
  "200.0": {
    "exp+1": 0.20171800255775452,
    "exp+2": 0.272866815328598,
    "exp-1": 0.10205591470003128,
    "exp-2": 0.0761810839176178,
    "exp0": 0.14300537109375
  },
  "250.0": {
    "exp+1": 0.14077681303024292,
    "exp+2": 0.1906827837228775,
    "exp-1": 0.07115068286657333,
    "exp-2": 0.05312842130661011,
    "exp0": 0.0997314453125
  },
  "300.0": {
    "exp+1": 0.09919318556785583,
    "exp+2": 0.1347523033618927,
    "exp-1": 0.049894046038389206,
    "exp-2": 0.03720580041408539,
    "exp0": 0.070098876953125
  }
}