{
  "100.0": {
    "exp+1": 0.23092572391033173,
    "exp+2": 0.3118607997894287,
    "exp-1": 0.1172616183757782,
    "exp-2": 0.08760625123977661,
    "exp0": 0.16400146484375
  },
  "110.0": {
    "exp+1": 0.20121923089027405,
    "exp+2": 0.2716076076030731,
    "exp-1": 0.1022595688700676,
    "exp-2": 0.07646039128303528,
    "exp0": 0.14300537109375
  },
  "125.0": {
    "exp+1": 0.18803204596042633,
    "exp+2": 0.2534672021865845,
    "exp-1": 0.09566555172204971,
    "exp-2": 0.07156538963317871,
    "exp0": 0.13372802734375
  },
  "140.0": {
    "exp+1": 0.16431495547294617,
    "exp+2": 0.221385195851326,
    "exp-1": 0.08371132612228394,
    "exp-2": 0.06258296966552734,
    "exp0": 0.116943359375
  },
  "160.0": {
    "exp+1": 0.15149393677711487,
    "exp+2": 0.20411114394664764,
    "exp-1": 0.07721175253391266,
    "exp-2": 0.057752445340156555,
    "exp0": 0.107818603515625
  },
  "180.0": {
    "exp+1": 0.1275717169046402,
    "exp+2": 0.17196668684482574,
    "exp-1": 0.06490499526262283,
    "exp-2": 0.048554062843322754,
    "exp0": 0.090728759765625
  },
  "200.0": {
    "exp+1": 0.10672403126955032,
    "exp+2": 0.14429613947868347,
    "exp-1": 0.05408467724919319,
    "exp-2": 0.04038948565721512,
    "exp0": 0.075714111328125
  },
  "250.0": {
    "exp+1": 0.07715723663568497,
    "exp+2": 0.10457870364189148,
    "exp-1": 0.038966286927461624,
    "exp-2": 0.02908177673816681,
    "exp0": 0.0546417236328125
  },
  "300.0": {
    "exp+1": 0.058839645236730576,
    "exp+2": 0.07989438623189926,
    "exp-1": 0.02964865230023861,
    "exp-2": 0.022105693817138672,
    "exp0": 0.0416107177734375
  }
}