{
  "100.0": {
    "exp+1": 0.027250496670603752,
    "exp+2": 0.03865232691168785,
    "exp-1": 0.012121225707232952,
    "exp-2": 0.00852927565574646,
    "exp0": 0.018157958984375
  },
  "110.0": {
    "exp+1": 0.02250545099377632,
    "exp+2": 0.032204315066337585,
    "exp-1": 0.009776832535862923,
    "exp-2": 0.006811182945966721,
    "exp0": 0.01482391357421875
  },
  "125.0": {
    "exp+1": 0.020762857049703598,
    "exp+2": 0.029648298397660255,
    "exp-1": 0.009050282649695873,
    "exp-2": 0.00630749948322773,
    "exp0": 0.013698577880859375
  },
  "140.0": {
    "exp+1": 0.01775640808045864,
    "exp+2": 0.02551846206188202,
    "exp-1": 0.0076021007262170315,
    "exp-2": 0.005263388156890869,
    "exp0": 0.011615753173828125
  },
  "160.0": {
    "exp+1": 0.015286166220903397,
    "exp+2": 0.022113371640443802,
    "exp-1": 0.006418457720428705,
    "exp-2": 0.004405073821544647,
    "exp0": 0.0099029541015625
  },
  "180.0": {
    "exp+1": 0.012548750266432762,
    "exp+2": 0.018308475613594055,
    "exp-1": 0.005168725736439228,
    "exp-2": 0.0035253725945949554,
    "exp0": 0.00804901123046875
  },
  "200.0": {
    "exp+1": 0.01091365609318018,
    "exp+2": 0.015863122418522835,
    "exp-1": 0.004541601054370403,
    "exp-2": 0.0031092623248696327,
    "exp0": 0.0070362091064453125
  },
  "250.0": {
    "exp+1": 0.007844689302146435,
    "exp+2": 0.0114893214777112,
    "exp-1": 0.0032082628458738327,
    "exp-2": 0.002183184027671814,
    "exp0": 0.00501251220703125
  },
  "300.0": {
    "exp+1": 0.006041048094630241,
    "exp+2": 0.008845767937600613,
    "exp-1": 0.002480439143255353,
    "exp-2": 0.0016914606094360352,
    "exp0": 0.0038661956787109375
  }
}