{
  "100.0": {
    "exp+1": 0.02301557920873165,
    "exp+2": 0.032919928431510925,
    "exp-1": 0.010021628811955452,
    "exp-2": 0.0069872550666332245,
    "exp0": 0.01517486572265625
  },
  "110.0": {
    "exp+1": 0.020957661792635918,
    "exp+2": 0.029996559023857117,
    "exp-1": 0.009084024466574192,
    "exp-2": 0.006320971995592117,
    "exp0": 0.01378631591796875
  },
  "125.0": {
    "exp+1": 0.0181985292583704,
    "exp+2": 0.02609480917453766,
    "exp-1": 0.007839077152311802,
    "exp-2": 0.0054394640028476715,
    "exp0": 0.01194000244140625
  },
  "140.0": {
    "exp+1": 0.01599421352148056,
    "exp+2": 0.023131852969527245,
    "exp-1": 0.006726512685418129,
    "exp-2": 0.004622217267751694,
    "exp0": 0.01036834716796875
  },
  "160.0": {
    "exp+1": 0.013016208074986935,
    "exp+2": 0.018986234441399574,
    "exp-1": 0.005364696495234966,
    "exp-2": 0.003659036010503769,
    "exp0": 0.00835418701171875
  },
  "180.0": {
    "exp+1": 0.011205495335161686,
    "exp+2": 0.016298307105898857,
    "exp-1": 0.0046540796756744385,
    "exp-2": 0.0031822845339775085,
    "exp0": 0.0072174072265625
  },
  "200.0": {
    "exp+1": 0.009474608115851879,
    "exp+2": 0.013885259628295898,
    "exp-1": 0.003867390798404813,
    "exp-2": 0.0026283692568540573,
    "exp0": 0.0060482025146484375
  },
  "250.0": {
    "exp+1": 0.007043201941996813,
    "exp+2": 0.01033814251422882,
    "exp-1": 0.002873585792258382,
    "exp-2": 0.0019541988149285316,
    "exp0": 0.0044918060302734375
  },
  "300.0": {
    "exp+1": 0.005431989207863808,
    "exp+2": 0.007970692589879036,
    "exp-1": 0.0022194148041307926,
    "exp-2": 0.0015102848410606384,
    "exp0": 0.003467559814453125
  }
}