{
  "100.0": {
    "exp+1": 0.018347259610891342,
    "exp+2": 0.026476861909031868,
    "exp-1": 0.007778419181704521,
    "exp-2": 0.005363672971725464,
    "exp0": 0.01194000244140625
  },
  "110.0": {
    "exp+1": 0.016509419307112694,
    "exp+2": 0.023843130096793175,
    "exp-1": 0.006972413044422865,
    "exp-2": 0.00479608029127121,
    "exp0": 0.010723114013671875
  },
  "125.0": {
    "exp+1": 0.013950342312455177,
    "exp+2": 0.02026321552693844,
    "exp-1": 0.00581612903624773,
    "exp-2": 0.003982633352279663,
    "exp0": 0.009002685546875
  },
  "140.0": {
    "exp+1": 0.012326783500611782,
    "exp+2": 0.017903432250022888,
    "exp-1": 0.00513347378000617,
    "exp-2": 0.0035129860043525696,
    "exp0": 0.0079498291015625
  },
  "160.0": {
    "exp+1": 0.010372059419751167,
    "exp+2": 0.015171684324741364,
    "exp-1": 0.004249599762260914,
    "exp-2": 0.0028893128037452698,
    "exp0": 0.006633758544921875
  },
  "180.0": {
    "exp+1": 0.008876008912920952,
    "exp+2": 0.013024268671870232,
    "exp-1": 0.0036126289051026106,
    "exp-2": 0.0024520978331565857,
    "exp0": 0.0056552886962890625
  },
  "200.0": {
    "exp+1": 0.00756534468382597,
    "exp+2": 0.011094142682850361,
    "exp-1": 0.003089562291279435,
    "exp-2": 0.002101074904203415,
    "exp0": 0.00482940673828125
  },
  "250.0": {
    "exp+1": 0.005838713143020868,
    "exp+2": 0.008609711192548275,
    "exp-1": 0.0023607262410223484,
    "exp-2": 0.0015996508300304413,
    "exp0": 0.0037059783935546875
  },
  "300.0": {
    "exp+1": 0.0045233420096337795,
    "exp+2": 0.006683981977403164,
    "exp-1": 0.0018185348017141223,
    "exp-2": 0.0012301653623580933,
    "exp0": 0.0028629302978515625
  }
}