{
  "100.0": {
    "exp+1": 0.01594114489853382,
    "exp+2": 0.023108135908842087,
    "exp-1": 0.006671357899904251,
    "exp-2": 0.00457487627863884,
    "exp0": 0.01030731201171875
  },
  "110.0": {
    "exp+1": 0.013849909417331219,
    "exp+2": 0.020133374258875847,
    "exp-1": 0.005758871790021658,
    "exp-2": 0.003940165042877197,
    "exp0": 0.0089263916015625
  },
  "125.0": {
    "exp+1": 0.012086303904652596,
    "exp+2": 0.017660336568951607,
    "exp-1": 0.004960956983268261,
    "exp-2": 0.003378700464963913,
    "exp0": 0.007740020751953124
  },
  "140.0": {
    "exp+1": 0.010772071778774261,
    "exp+2": 0.015706025063991547,
    "exp-1": 0.004447127226740122,
    "exp-2": 0.003032524138689041,
    "exp0": 0.006916046142578125
  },
  "160.0": {
    "exp+1": 0.0091700479388237,
    "exp+2": 0.013430439867079258,
    "exp-1": 0.003748473711311817,
    "exp-2": 0.0025491714477539062,
    "exp0": 0.005859375
  },
  "180.0": {
    "exp+1": 0.007789333816617727,
    "exp+2": 0.01143686007708311,
    "exp-1": 0.0031703407876193523,
    "exp-2": 0.002151891589164734,
    "exp0": 0.004962921142578125
  },
  "200.0": {
    "exp+1": 0.006624245550483465,
    "exp+2": 0.009745282121002674,
    "exp-1": 0.0026890721637755632,
    "exp-2": 0.001825643703341484,
    "exp0": 0.004215240478515625
  },
  "250.0": {
    "exp+1": 0.005162691697478294,
    "exp+2": 0.007638533134013414,
    "exp-1": 0.0020710311364382505,
    "exp-2": 0.0014006802812218666,
    "exp0": 0.0032634735107421875
  },
  "300.0": {
    "exp+1": 0.004216487053781748,
    "exp+2": 0.00622880132868886,
    "exp-1": 0.0016976083861663938,
    "exp-2": 0.0011491035111248493,
    "exp0": 0.0026712417602539062
  }
}