{
  "100.0": {
    "exp+1": 0.050184041261672974,
    "exp+2": 0.07024510204792023,
    "exp-1": 0.02324732579290867,
    "exp-2": 0.01667042076587677,
    "exp0": 0.0340728759765625
  },
  "110.0": {
    "exp+1": 0.04366794228553772,
    "exp+2": 0.06138957664370537,
    "exp-1": 0.019919902086257935,
    "exp-2": 0.014178305864334106,
    "exp0": 0.029449462890625
  },
  "125.0": {
    "exp+1": 0.03601191192865372,
    "exp+2": 0.05083728954195976,
    "exp-1": 0.016188964247703552,
    "exp-2": 0.011437766253948212,
    "exp0": 0.0241241455078125
  },
  "140.0": {
    "exp+1": 0.030907677486538887,
    "exp+2": 0.0437183752655983,
    "exp-1": 0.013776928186416626,
    "exp-2": 0.009686820209026337,
    "exp0": 0.02062225341796875
  },
  "160.0": {
    "exp+1": 0.02491038292646408,
    "exp+2": 0.03547602519392967,
    "exp-1": 0.010877490043640137,
    "exp-2": 0.007585465908050537,
    "exp0": 0.01645660400390625
  },
  "180.0": {
    "exp+1": 0.020504578948020935,
    "exp+2": 0.029288116842508316,
    "exp-1": 0.008915804326534271,
    "exp-2": 0.006205141544342041,
    "exp0": 0.013519287109375
  },
  "200.0": {
    "exp+1": 0.01633150316774845,
    "exp+2": 0.02349131926894188,
    "exp-1": 0.0069796559400856495,
    "exp-2": 0.004829501733183861,
    "exp0": 0.010669708251953125
  },
  "250.0": {
    "exp+1": 0.012103959918022156,
    "exp+2": 0.0174150001257658,
    "exp-1": 0.005189517512917519,
    "exp-2": 0.0035944394767284393,
    "exp0": 0.007915496826171875
  },
  "300.0": {
    "exp+1": 0.009594556875526905,
    "exp+2": 0.013844205997884274,
    "exp-1": 0.0040852585807442665,
    "exp-2": 0.002825632691383362,
    "exp0": 0.006256103515625
  }
}