{
  "100.0": {
    "exp+1": 0.01354174967855215,
    "exp+2": 0.019700966775417328,
    "exp-1": 0.005615724716335535,
    "exp-2": 0.0038390420377254486,
    "exp0": 0.008716583251953125
  },
  "110.0": {
    "exp+1": 0.012029214762151241,
    "exp+2": 0.017461424693465233,
    "exp-1": 0.0050175851210951805,
    "exp-2": 0.003437967970967293,
    "exp0": 0.007762908935546875
  },
  "125.0": {
    "exp+1": 0.010367349721491337,
    "exp+2": 0.015107677318155766,
    "exp-1": 0.004284849856048822,
    "exp-2": 0.0029237084090709686,
    "exp0": 0.00666046142578125
  },
  "140.0": {
    "exp+1": 0.009066217578947544,
    "exp+2": 0.013247428461909294,
    "exp-1": 0.0037265364080667496,
    "exp-2": 0.002540111541748047,
    "exp0": 0.00580596923828125
  },
  "160.0": {
    "exp+1": 0.0075504411943256855,
    "exp+2": 0.011097516864538193,
    "exp-1": 0.003065055701881647,
    "exp-2": 0.0020809033885598183,
    "exp0": 0.0048046112060546875
  },
  "180.0": {
    "exp+1": 0.006697430275380611,
    "exp+2": 0.00985186267644167,
    "exp-1": 0.0027157298754900694,
    "exp-2": 0.001842563971877098,
    "exp0": 0.0042591094970703125
  },
  "200.0": {
    "exp+1": 0.005817479453980923,
    "exp+2": 0.008566268719732761,
    "exp-1": 0.00235817302018404,
    "exp-2": 0.0015999693423509598,
    "exp0": 0.0036983489990234375
  },
  "250.0": {
    "exp+1": 0.00453949673101306,
    "exp+2": 0.006683106999844313,
    "exp-1": 0.0018421970307826996,
    "exp-2": 0.0012506898492574692,
    "exp0": 0.002887725830078125
  },
  "300.0": {
    "exp+1": 0.0038217827677726746,
    "exp+2": 0.005652331747114658,
    "exp-1": 0.0015342775732278824,
    "exp-2": 0.0010372074320912361,
    "exp0": 0.0024166107177734375
  }
}