{
  "100.0": {
    "exp+1": 0.036980923265218735,
    "exp+2": 0.05232624337077141,
    "exp-1": 0.01664172299206257,
    "exp-2": 0.011777892708778381,
    "exp0": 0.0247650146484375
  },
  "110.0": {
    "exp+1": 0.033045943826436996,
    "exp+2": 0.046809323132038116,
    "exp-1": 0.014751318842172623,
    "exp-2": 0.010400041937828064,
    "exp0": 0.0220489501953125
  },
  "125.0": {
    "exp+1": 0.02768978476524353,
    "exp+2": 0.03941376879811287,
    "exp-1": 0.012172100134193897,
    "exp-2": 0.008516773581504822,
    "exp0": 0.018341064453125
  },
  "140.0": {
    "exp+1": 0.024908488616347313,
    "exp+2": 0.03551909700036049,
    "exp-1": 0.010857314802706242,
    "exp-2": 0.007566891610622406,
    "exp0": 0.0164337158203125
  },
  "160.0": {
    "exp+1": 0.020509451627731323,
    "exp+2": 0.02954421378672123,
    "exp-1": 0.008697912096977234,
    "exp-2": 0.005997717380523682,
    "exp0": 0.0133514404296875
  },
  "180.0": {
    "exp+1": 0.01732507161796093,
    "exp+2": 0.024870041757822037,
    "exp-1": 0.007422877475619316,
    "exp-2": 0.005137205123901367,
    "exp0": 0.0113372802734375
  },
  "200.0": {
    "exp+1": 0.01387884933501482,
    "exp+2": 0.020103802904486656,
    "exp-1": 0.005827891640365124,
    "exp-2": 0.0040039122104644775,
    "exp0": 0.008991241455078125
  },
  "250.0": {
    "exp+1": 0.010147583670914173,
    "exp+2": 0.014714629389345646,
    "exp-1": 0.004249041900038719,
    "exp-2": 0.002918615937232971,
    "exp0": 0.006561279296875
  },
  "300.0": {
    "exp+1": 0.00781510304659605,
    "exp+2": 0.011319822631776333,
    "exp-1": 0.003292480017989874,
    "exp-2": 0.002266664057970047,
    "exp0": 0.0050678253173828125
  }
}