{
  "100.0": {
    "exp+1": 0.031168513000011444,
    "exp+2": 0.04422678053379059,
    "exp-1": 0.013892287388443947,
    "exp-2": 0.009792521595954895,
    "exp0": 0.020782470703125
  },
  "110.0": {
    "exp+1": 0.027980424463748932,
    "exp+2": 0.03966217115521431,
    "exp-1": 0.012479599565267563,
    "exp-2": 0.008796732872724533,
    "exp0": 0.01866912841796875
  },
  "125.0": {
    "exp+1": 0.023674679920077324,
    "exp+2": 0.0337628535926342,
    "exp-1": 0.010347507894039154,
    "exp-2": 0.00722445547580719,
    "exp0": 0.0156402587890625
  },
  "140.0": {
    "exp+1": 0.021382765844464302,
    "exp+2": 0.030527500435709953,
    "exp-1": 0.009309381246566772,
    "exp-2": 0.006486799567937851,
    "exp0": 0.014102935791015625
  },
  "160.0": {
    "exp+1": 0.01712801679968834,
    "exp+2": 0.02468462847173214,
    "exp-1": 0.007258070167154074,
    "exp-2": 0.005001794546842575,
    "exp0": 0.01114654541015625
  },
  "180.0": {
    "exp+1": 0.014432056806981564,
    "exp+2": 0.0209112036973238,
    "exp-1": 0.006044286303222179,
    "exp-2": 0.00414312444627285,
    "exp0": 0.009334564208984375
  },
  "200.0": {
    "exp+1": 0.012131813913583755,
    "exp+2": 0.017613312229514122,
    "exp-1": 0.005069327540695667,
    "exp-2": 0.003475584089756012,
    "exp0": 0.007839202880859375
  },
  "250.0": {
    "exp+1": 0.008540994487702847,
    "exp+2": 0.012505123391747475,
    "exp-1": 0.0035010811407119036,
    "exp-2": 0.0023819059133529663,
    "exp0": 0.005462646484375
  },
  "300.0": {
    "exp+1": 0.0066938321106135845,
    "exp+2": 0.009760302491486073,
    "exp-1": 0.002777250250801444,
    "exp-2": 0.0018997834995388985,
    "exp0": 0.0043087005615234375
  }
}