{
  "100.0": {
    "exp+1": 0.10064925253391266,
    "exp+2": 0.1404699981212616,
    "exp-1": 0.04869581386446953,
    "exp-2": 0.03593181073665619,
    "exp0": 0.069488525390625
  },
  "110.0": {
    "exp+1": 0.09208695590496063,
    "exp+2": 0.12757627665996552,
    "exp-1": 0.04504614323377609,
    "exp-2": 0.03334133327007294,
    "exp0": 0.063995361328125
  },
  "125.0": {
    "exp+1": 0.08268756419420242,
    "exp+2": 0.11413124948740005,
    "exp-1": 0.040685269981622696,
    "exp-2": 0.030154801905155182,
    "exp0": 0.0576629638671875
  },
  "140.0": {
    "exp+1": 0.07177005708217621,
    "exp+2": 0.09822988510131836,
    "exp-1": 0.03574380651116371,
    "exp-2": 0.026578009128570557,
    "exp0": 0.0503997802734375
  },
  "160.0": {
    "exp+1": 0.06285940110683441,
    "exp+2": 0.08577591925859451,
    "exp-1": 0.03141174092888832,
    "exp-2": 0.0233919695019722,
    "exp0": 0.0442352294921875
  },
  "180.0": {
    "exp+1": 0.05100347101688385,
    "exp+2": 0.06992696225643158,
    "exp-1": 0.025333641096949577,
    "exp-2": 0.01880890130996704,
    "exp0": 0.0357666015625
  },
  "200.0": {
    "exp+1": 0.04558544233441353,
    "exp+2": 0.062448304146528244,
    "exp-1": 0.02264469303190708,
    "exp-2": 0.016826465725898743,
    "exp0": 0.0319671630859375
  },
  "250.0": {
    "exp+1": 0.031837448477745056,
    "exp+2": 0.04419069364666939,
    "exp-1": 0.015451202169060707,
    "exp-2": 0.011397343128919601,
    "exp0": 0.02204132080078125
  },
  "300.0": {
    "exp+1": 0.027470916509628296,
    "exp+2": 0.037967175245285034,
    "exp-1": 0.013438601978123188,
    "exp-2": 0.009939119219779968,
    "exp0": 0.01910400390625
  }
}