{
  "100.0": {
    "exp+1": 0.07620933651924133,
    "exp+2": 0.10642267018556595,
    "exp-1": 0.03684628754854202,
    "exp-2": 0.027197398245334625,
    "exp0": 0.0525970458984375
  },
  "110.0": {
    "exp+1": 0.07128264009952545,
    "exp+2": 0.09891395270824432,
    "exp-1": 0.034791212528944016,
    "exp-2": 0.02572484314441681,
    "exp0": 0.049468994140625
  },
  "125.0": {
    "exp+1": 0.06596743315458298,
    "exp+2": 0.09095781296491623,
    "exp-1": 0.03251682594418526,
    "exp-2": 0.024104833602905273,
    "exp0": 0.046051025390625
  },
  "140.0": {
    "exp+1": 0.060750480741262436,
    "exp+2": 0.08336134254932404,
    "exp-1": 0.030134238302707672,
    "exp-2": 0.022387728095054626,
    "exp0": 0.042572021484375
  },
  "160.0": {
    "exp+1": 0.0539531372487545,
    "exp+2": 0.07358849048614502,
    "exp-1": 0.027000218629837036,
    "exp-2": 0.02011030912399292,
    "exp0": 0.037994384765625
  },
  "180.0": {
    "exp+1": 0.047334279865026474,
    "exp+2": 0.06459083408117294,
    "exp-1": 0.023661278188228607,
    "exp-2": 0.01761458069086075,
    "exp0": 0.0333099365234375
  },
  "200.0": {
    "exp+1": 0.041790999472141266,
    "exp+2": 0.05709952861070633,
    "exp-1": 0.0208648182451725,
    "exp-2": 0.015512153506278992,
    "exp0": 0.029388427734375
  },
  "250.0": {
    "exp+1": 0.03064703196287155,
    "exp+2": 0.04205552488565445,
    "exp-1": 0.015184870921075344,
    "exp-2": 0.01127566397190094,
    "exp0": 0.02146148681640625
  },
  "300.0": {
    "exp+1": 0.022931084036827087,
    "exp+2": 0.03160092607140541,
    "exp-1": 0.011278103105723858,
    "exp-2": 0.008354783058166504,
    "exp0": 0.0159912109375
  }
}