{
  "100.0": {
    "exp+1": 0.047446344047784805,
    "exp+2": 0.06513170897960663,
    "exp-1": 0.023534948006272316,
    "exp-2": 0.017484895884990692,
    "exp0": 0.0332489013671875
  },
  "110.0": {
    "exp+1": 0.04484562948346138,
    "exp+2": 0.06143482029438019,
    "exp-1": 0.02229391038417816,
    "exp-2": 0.01656874269247055,
    "exp0": 0.0314483642578125
  },
  "125.0": {
    "exp+1": 0.03859025985002518,
    "exp+2": 0.052774734795093536,
    "exp-1": 0.01921919547021389,
    "exp-2": 0.014290809631347656,
    "exp0": 0.027099609375
  },
  "140.0": {
    "exp+1": 0.03429768979549408,
    "exp+2": 0.04691266268491745,
    "exp-1": 0.01708371751010418,
    "exp-2": 0.012699741870164871,
    "exp0": 0.0240936279296875
  },
  "160.0": {
    "exp+1": 0.03154917433857918,
    "exp+2": 0.04307851567864418,
    "exp-1": 0.015751829370856285,
    "exp-2": 0.01171465590596199,
    "exp0": 0.02219390869140625
  },
  "180.0": {
    "exp+1": 0.0291083212941885,
    "exp+2": 0.03973867744207382,
    "exp-1": 0.014529500156641006,
    "exp-2": 0.010814540088176727,
    "exp0": 0.02046966552734375
  },
  "200.0": {
    "exp+1": 0.025324856862425804,
    "exp+2": 0.034633420407772064,
    "exp-1": 0.012612597085535526,
    "exp-2": 0.0093783438205719,
    "exp0": 0.01778411865234375
  },
  "250.0": {
    "exp+1": 0.019436722621321678,
    "exp+2": 0.02688668482005596,
    "exp-1": 0.009474347345530987,
    "exp-2": 0.006994664669036865,
    "exp0": 0.01348876953125
  },
  "300.0": {
    "exp+1": 0.015508175827562809,
    "exp+2": 0.021362269297242165,
    "exp-1": 0.007635151967406273,
    "exp-2": 0.005654226988554001,
    "exp0": 0.010822296142578125
  }
}