{
  "100.0": {
    "exp+1": 0.06455627828836441,
    "exp+2": 0.08979552239179611,
    "exp-1": 0.031405527144670486,
    "exp-2": 0.023205503821372986,
    "exp0": 0.044708251953125
  },
  "110.0": {
    "exp+1": 0.06477399915456772,
    "exp+2": 0.08982858806848526,
    "exp-1": 0.03163902088999748,
    "exp-2": 0.0234060138463974,
    "exp0": 0.0449676513671875
  },
  "125.0": {
    "exp+1": 0.05737533047795296,
    "exp+2": 0.07915935665369034,
    "exp-1": 0.028262436389923096,
    "exp-2": 0.02095794677734375,
    "exp0": 0.0400390625
  },
  "140.0": {
    "exp+1": 0.05246133729815483,
    "exp+2": 0.07192572951316833,
    "exp-1": 0.026051804423332214,
    "exp-2": 0.01936449110507965,
    "exp0": 0.0367889404296875
  },
  "160.0": {
    "exp+1": 0.04578349366784096,
    "exp+2": 0.06255452334880829,
    "exp-1": 0.022852960973978043,
    "exp-2": 0.017009824514389038,
    "exp0": 0.032196044921875
  },
  "180.0": {
    "exp+1": 0.04283084720373154,
    "exp+2": 0.058455877006053925,
    "exp-1": 0.021417628973722458,
    "exp-2": 0.015944302082061768,
    "exp0": 0.0301513671875
  },
  "200.0": {
    "exp+1": 0.03687368705868721,
    "exp+2": 0.050427209585905075,
    "exp-1": 0.01836428791284561,
    "exp-2": 0.013655126094818115,
    "exp0": 0.0258941650390625
  },
  "250.0": {
    "exp+1": 0.028475526720285416,
    "exp+2": 0.038973741233348846,
    "exp-1": 0.014175724238157272,
    "exp-2": 0.010535340756177902,
    "exp0": 0.01999664306640625
  },
  "300.0": {
    "exp+1": 0.020751943811774254,
    "exp+2": 0.028621599078178406,
    "exp-1": 0.010194899514317513,
    "exp-2": 0.007548516616225243,
    "exp0": 0.014461517333984375
  }
}