{
  "100.0": {
    "exp+1": 0.04352268576622009,
    "exp+2": 0.059568412601947784,
    "exp-1": 0.021675702184438705,
    "exp-2": 0.016117393970489502,
    "exp0": 0.0305633544921875
  },
  "110.0": {
    "exp+1": 0.03750638663768768,
    "exp+2": 0.051564641296863556,
    "exp-1": 0.01855619065463543,
    "exp-2": 0.013772118836641312,
    "exp0": 0.02623748779296875
  },
  "125.0": {
    "exp+1": 0.035979341715574265,
    "exp+2": 0.0491616316139698,
    "exp-1": 0.017939018085598946,
    "exp-2": 0.013345606625080109,
    "exp0": 0.0252838134765625
  },
  "140.0": {
    "exp+1": 0.03137579560279846,
    "exp+2": 0.042869117110967636,
    "exp-1": 0.015659775584936142,
    "exp-2": 0.011646196246147156,
    "exp0": 0.022064208984375
  },
  "160.0": {
    "exp+1": 0.029064923524856567,
    "exp+2": 0.039679430425167084,
    "exp-1": 0.014511123299598694,
    "exp-2": 0.010788436979055405,
    "exp0": 0.02043914794921875
  },
  "180.0": {
    "exp+1": 0.025496741756796837,
    "exp+2": 0.03489056974649429,
    "exp-1": 0.012688382528722286,
    "exp-2": 0.00942995399236679,
    "exp0": 0.0178985595703125
  },
  "200.0": {
    "exp+1": 0.02306506782770157,
    "exp+2": 0.031568583101034164,
    "exp-1": 0.011477417312562466,
    "exp-2": 0.008525677025318146,
    "exp0": 0.01619720458984375
  },
  "250.0": {
    "exp+1": 0.017712589353322983,
    "exp+2": 0.024545833468437195,
    "exp-1": 0.008615492843091488,
    "exp-2": 0.006361601874232292,
    "exp0": 0.012279510498046875
  },
  "300.0": {
    "exp+1": 0.014513709582388401,
    "exp+2": 0.01999601162970066,
    "exp-1": 0.007151081692427397,
    "exp-2": 0.005298435688018799,
    "exp0": 0.0101318359375
  }
}