{
  "100.0": {
    "exp+1": 0.04133523628115654,
    "exp+2": 0.0564146563410759,
    "exp-1": 0.02066974714398384,
    "exp-2": 0.01538754254579544,
    "exp0": 0.0290985107421875
  },
  "110.0": {
    "exp+1": 0.03479328379034996,
    "exp+2": 0.04749979078769684,
    "exp-1": 0.01736716739833355,
    "exp-2": 0.012926660478115082,
    "exp0": 0.02446746826171875
  },
  "125.0": {
    "exp+1": 0.0317007414996624,
    "exp+2": 0.043257810175418854,
    "exp-1": 0.015844885259866714,
    "exp-2": 0.011785954236984253,
    "exp0": 0.022308349609375
  },
  "140.0": {
    "exp+1": 0.028674352914094925,
    "exp+2": 0.03917810320854187,
    "exp-1": 0.014311475679278374,
    "exp-2": 0.01064346358180046,
    "exp0": 0.02016448974609375
  },
  "160.0": {
    "exp+1": 0.025476958602666855,
    "exp+2": 0.03486967831850052,
    "exp-1": 0.01268297340720892,
    "exp-2": 0.00942593440413475,
    "exp0": 0.01789093017578125
  },
  "180.0": {
    "exp+1": 0.023314863443374634,
    "exp+2": 0.031855370849370956,
    "exp-1": 0.011640314944088459,
    "exp-2": 0.00865410640835762,
    "exp0": 0.01639556884765625
  },
  "200.0": {
    "exp+1": 0.019662251695990562,
    "exp+2": 0.026969533413648605,
    "exp-1": 0.009755365550518036,
    "exp-2": 0.007239192724227905,
    "exp0": 0.0137786865234375
  },
  "250.0": {
    "exp+1": 0.01473531499505043,
    "exp+2": 0.0204481091350317,
    "exp-1": 0.007170344702899456,
    "exp-2": 0.005295451730489731,
    "exp0": 0.010211944580078125
  },
  "300.0": {
    "exp+1": 0.012971766293048859,
    "exp+2": 0.0178684052079916,
    "exp-1": 0.006389744579792023,
    "exp-2": 0.004738301038742065,
    "exp0": 0.009052276611328125
  }
}