{
  "100.0": {
    "exp+1": 0.05341615900397301,
    "exp+2": 0.073895163834095,
    "exp-1": 0.026214687153697014,
    "exp-2": 0.0194099023938179,
    "exp0": 0.0371856689453125
  },
  "110.0": {
    "exp+1": 0.05244094505906105,
    "exp+2": 0.07226262986660004,
    "exp-1": 0.025877851992845535,
    "exp-2": 0.019186735153198242,
    "exp0": 0.03662109375
  },
  "125.0": {
    "exp+1": 0.047533441334962845,
    "exp+2": 0.06525126844644547,
    "exp-1": 0.023578152060508728,
    "exp-2": 0.01751699298620224,
    "exp0": 0.0333099365234375
  },
  "140.0": {
    "exp+1": 0.04308810830116272,
    "exp+2": 0.05897361785173416,
    "exp-1": 0.021459270268678665,
    "exp-2": 0.015956461429595947,
    "exp0": 0.0302581787109375
  },
  "160.0": {
    "exp+1": 0.03801548853516579,
    "exp+2": 0.05191987380385399,
    "exp-1": 0.01897553913295269,
    "exp-2": 0.014123797416687012,
    "exp0": 0.0267333984375
  },
  "180.0": {
    "exp+1": 0.03297201544046402,
    "exp+2": 0.045070771127939224,
    "exp-1": 0.01643262803554535,
    "exp-2": 0.01221880316734314,
    "exp0": 0.02317047119140625
  },
  "200.0": {
    "exp+1": 0.030930981040000916,
    "exp+2": 0.042261358350515366,
    "exp-1": 0.015432752668857574,
    "exp-2": 0.011481087654829025,
    "exp0": 0.02175140380859375
  },
  "250.0": {
    "exp+1": 0.02215980738401413,
    "exp+2": 0.030695952475070953,
    "exp-1": 0.010790741071105003,
    "exp-2": 0.007971860468387604,
    "exp0": 0.01537322998046875
  },
  "300.0": {
    "exp+1": 0.017995350062847137,
    "exp+2": 0.024835631251335144,
    "exp-1": 0.008820975199341774,
    "exp-2": 0.006526760756969452,
    "exp0": 0.0125274658203125
  }
}