{
  "100.0": {
    "exp+1": 0.06015944108366966,
    "exp+2": 0.08344441652297974,
    "exp-1": 0.0294078066945076,
    "exp-2": 0.02176646888256073,
    "exp0": 0.041778564453125
  },
  "110.0": {
    "exp+1": 0.05355101078748703,
    "exp+2": 0.07397831976413727,
    "exp-1": 0.026301225647330284,
    "exp-2": 0.019483864307403564,
    "exp0": 0.03729248046875
  },
  "125.0": {
    "exp+1": 0.05286981910467148,
    "exp+2": 0.07270269095897675,
    "exp-1": 0.026148095726966858,
    "exp-2": 0.019406713545322418,
    "exp0": 0.0369720458984375
  },
  "140.0": {
    "exp+1": 0.044245511293411255,
    "exp+2": 0.060688916593790054,
    "exp-1": 0.021956559270620346,
    "exp-2": 0.016320466995239258,
    "exp0": 0.031005859375
  },
  "160.0": {
    "exp+1": 0.04496094956994057,
    "exp+2": 0.06137385964393616,
    "exp-1": 0.022485926747322083,
    "exp-2": 0.01673540100455284,
    "exp0": 0.0316619873046875
  },
  "180.0": {
    "exp+1": 0.0383218377828598,
    "exp+2": 0.05239291489124298,
    "exp-1": 0.019109614193439484,
    "exp-2": 0.014212897047400475,
    "exp0": 0.02693939208984375
  },
  "200.0": {
    "exp+1": 0.03227889910340309,
    "exp+2": 0.04423515871167183,
    "exp-1": 0.016040606424212456,
    "exp-2": 0.01192309707403183,
    "exp0": 0.02265167236328125
  },
  "250.0": {
    "exp+1": 0.025582341477274895,
    "exp+2": 0.03495345264673233,
    "exp-1": 0.012764093466103077,
    "exp-2": 0.009495757520198822,
    "exp0": 0.0179901123046875
  },
  "300.0": {
    "exp+1": 0.0192447230219841,
    "exp+2": 0.02655990608036518,
    "exp-1": 0.009436527267098427,
    "exp-2": 0.006979897618293762,
    "exp0": 0.013397216796875
  }
}