{
  "100.0": {
    "xs": 0.4309
  },
  "110.0": {
    "xs": 0.3472
  },
  "125.0": {
    "xs": 0.2561
  },
  "140.0": {
    "xs": 0.1933
  },
  "160.0": {
    "xs": 0.1361
  },
  "180.0": {
    "xs": 0.09847
  },
  "200.0": {
    "xs": 0.07276
  },
  "250.0": {
    "xs": 0.037
  },
  "300.0": {
    "xs": 0.02051
  }
}