{
  "100.0": {
    "xs": 0.105
  },
  "110.0": {
    "xs": 0.0922
  },
  "125.0": {
    "xs": 0.07622
  },
  "140.0": {
    "xs": 0.06333
  },
  "160.0": {
    "xs": 0.04988
  },
  "180.0": {
    "xs": 0.03959
  },
  "200.0": {
    "xs": 0.0317
  },
  "250.0": {
    "xs": 0.01883
  },
  "300.0": {
    "xs": 0.0116
  }
}