{
  "100.0": {
    "xs": 0.1438
  },
  "110.0": {
    "xs": 0.1243
  },
  "125.0": {
    "xs": 0.1008
  },
  "140.0": {
    "xs": 0.08223
  },
  "160.0": {
    "xs": 0.06333
  },
  "180.0": {
    "xs": 0.04938
  },
  "200.0": {
    "xs": 0.03887
  },
  "250.0": {
    "xs": 0.02231
  },
  "300.0": {
    "xs": 0.01345
  }
}