{
  "100.0": {
    "xs": 0.1848
  },
  "110.0": {
    "xs": 0.1579
  },
  "125.0": {
    "xs": 0.1256
  },
  "140.0": {
    "xs": 0.1009
  },
  "160.0": {
    "xs": 0.07622
  },
  "180.0": {
    "xs": 0.05837
  },
  "200.0": {
    "xs": 0.04541
  },
  "250.0": {
    "xs": 0.02537
  },
  "300.0": {
    "xs": 0.01501
  }
}