{
  "100.0": {
    "xs": 0.659
  },
  "110.0": {
    "xs": 0.5119
  },
  "125.0": {
    "xs": 0.3604
  },
  "140.0": {
    "xs": 0.2612
  },
  "160.0": {
    "xs": 0.1765
  },
  "180.0": {
    "xs": 0.1236
  },
  "200.0": {
    "xs": 0.08911
  },
  "250.0": {
    "xs": 0.04321
  },
  "300.0": {
    "xs": 0.02322
  }
}