{
  "100.0": {
    "xs": 0.352
  },
  "110.0": {
    "xs": 0.2884
  },
  "125.0": {
    "xs": 0.2172
  },
  "140.0": {
    "xs": 0.1665
  },
  "160.0": {
    "xs": 0.1193
  },
  "180.0": {
    "xs": 0.08766
  },
  "200.0": {
    "xs": 0.06557
  },
  "250.0": {
    "xs": 0.03413
  },
  "300.0": {
    "xs": 0.01921
  }
}