{
  "100.0": {
    "xs": 0.5302
  },
  "110.0": {
    "xs": 0.4198
  },
  "125.0": {
    "xs": 0.3035
  },
  "140.0": {
    "xs": 0.2244
  },
  "160.0": {
    "xs": 0.1551
  },
  "180.0": {
    "xs": 0.1104
  },
  "200.0": {
    "xs": 0.08062
  },
  "250.0": {
    "xs": 0.04007
  },
  "300.0": {
    "xs": 0.02187
  }
}