{
  "100.0": {
    "xs": 0.2902
  },
  "110.0": {
    "xs": 0.2411
  },
  "125.0": {
    "xs": 0.1848
  },
  "140.0": {
    "xs": 0.1438
  },
  "160.0": {
    "xs": 0.105
  },
  "180.0": {
    "xs": 0.07796
  },
  "200.0": {
    "xs": 0.05897
  },
  "250.0": {
    "xs": 0.03143
  },
  "300.0": {
    "xs": 0.01793
  }
}