{
  "100.0": {
    "exp+1": 0.06710489094257355,
    "exp+2": 0.11223649233579636,
    "exp-1": 0.022224582731723785,
    "exp-2": 0.01430484652519226,
    "exp0": 0.0379486083984375
  },
  "110.0": {
    "exp+1": 0.05996467545628548,
    "exp+2": 0.10032125562429428,
    "exp-1": 0.019865399226546288,
    "exp-2": 0.01278635859489441,
    "exp0": 0.0339202880859375
  },
  "125.0": {
    "exp+1": 0.04619363695383072,
    "exp+2": 0.0772613063454628,
    "exp-1": 0.015298949554562569,
    "exp-2": 0.009847164154052734,
    "exp0": 0.026123046875
  },
  "140.0": {
    "exp+1": 0.040785688906908035,
    "exp+2": 0.06823470443487167,
    "exp-1": 0.013511688448488712,
    "exp-2": 0.008696794509887695,
    "exp0": 0.0230712890625
  },
  "160.0": {
    "exp+1": 0.029545580968260765,
    "exp+2": 0.04941654950380325,
    "exp-1": 0.009785250760614872,
    "exp-2": 0.006298273801803589,
    "exp0": 0.0167083740234375
  },
  "180.0": {
    "exp+1": 0.023940013721585274,
    "exp+2": 0.04005178436636925,
    "exp-1": 0.007930967956781387,
    "exp-2": 0.005104765295982361,
    "exp0": 0.01354217529296875
  },
  "200.0": {
    "exp+1": 0.020027587190270424,
    "exp+2": 0.033497199416160583,
    "exp-1": 0.006632970180362463,
    "exp-2": 0.004269309341907501,
    "exp0": 0.011325836181640625
  },
  "250.0": {
    "exp+1": 0.013315748423337936,
    "exp+2": 0.0222712941467762,
    "exp-1": 0.004410065244883299,
    "exp-2": 0.002838537096977234,
    "exp0": 0.00753021240234375
  },
  "300.0": {
    "exp+1": 0.010873853228986263,
    "exp+2": 0.01818709447979927,
    "exp-1": 0.0036013296339660883,
    "exp-2": 0.0023179948329925537,
    "exp0": 0.0061492919921875
  }
}