{
  "100.0": {
    "exp+1": 0.021828653290867805,
    "exp+2": 0.03650957718491554,
    "exp-1": 0.007229468319565058,
    "exp-2": 0.004653245210647583,
    "exp0": 0.0123443603515625
  },
  "110.0": {
    "exp+1": 0.019737526774406433,
    "exp+2": 0.03301205858588219,
    "exp-1": 0.006536904722452164,
    "exp-2": 0.00420747697353363,
    "exp0": 0.01116180419921875
  },
  "125.0": {
    "exp+1": 0.01654687523841858,
    "exp+2": 0.027675524353981018,
    "exp-1": 0.005480187013745308,
    "exp-2": 0.003527320921421051,
    "exp0": 0.009357452392578125
  },
  "140.0": {
    "exp+1": 0.014249365776777267,
    "exp+2": 0.023839274421334267,
    "exp-1": 0.004720601718872786,
    "exp-2": 0.0030384138226509094,
    "exp0": 0.008060455322265625
  },
  "160.0": {
    "exp+1": 0.011467463336884975,
    "exp+2": 0.019179940223693848,
    "exp-1": 0.003797928337007761,
    "exp-2": 0.002444535493850708,
    "exp0": 0.0064849853515625
  },
  "180.0": {
    "exp+1": 0.01014195941388607,
    "exp+2": 0.016962964087724686,
    "exp-1": 0.0033589324448257685,
    "exp-2": 0.0021619759500026703,
    "exp0": 0.0057353973388671875
  },
  "200.0": {
    "exp+1": 0.008802964352071285,
    "exp+2": 0.01472342386841774,
    "exp-1": 0.002915468532592058,
    "exp-2": 0.00187654048204422,
    "exp0": 0.004978179931640625
  },
  "250.0": {
    "exp+1": 0.0069175781682133675,
    "exp+2": 0.011570015922188759,
    "exp-1": 0.0022910444531589746,
    "exp-2": 0.0014746300876140594,
    "exp0": 0.0039119720458984375
  },
  "300.0": {
    "exp+1": 0.0056376070715487,
    "exp+2": 0.009429196827113628,
    "exp-1": 0.0018671286525204778,
    "exp-2": 0.0012017767876386642,
    "exp0": 0.0031881332397460938
  }
}