{
  "100.0": {
    "exp+1": 0.03175812587141991,
    "exp+2": 0.05311714857816696,
    "exp-1": 0.0105180274695158,
    "exp-2": 0.006769925355911255,
    "exp0": 0.0179595947265625
  },
  "110.0": {
    "exp+1": 0.028196467086672783,
    "exp+2": 0.047160085290670395,
    "exp-1": 0.009338435716927052,
    "exp-2": 0.006010681390762329,
    "exp0": 0.0159454345703125
  },
  "125.0": {
    "exp+1": 0.022860724478960037,
    "exp+2": 0.03823577240109444,
    "exp-1": 0.007571281865239143,
    "exp-2": 0.004873253405094147,
    "exp0": 0.012928009033203125
  },
  "140.0": {
    "exp+1": 0.020108534023165703,
    "exp+2": 0.033632587641477585,
    "exp-1": 0.006659779231995344,
    "exp-2": 0.004286564886569977,
    "exp0": 0.011371612548828125
  },
  "160.0": {
    "exp+1": 0.01610841229557991,
    "exp+2": 0.026942173019051552,
    "exp-1": 0.005334972403943539,
    "exp-2": 0.0034338533878326416,
    "exp0": 0.0091094970703125
  },
  "180.0": {
    "exp+1": 0.013542166911065578,
    "exp+2": 0.022643860429525375,
    "exp-1": 0.004486275836825371,
    "exp-2": 0.0028897281736135483,
    "exp0": 0.007656097412109375
  },
  "200.0": {
    "exp+1": 0.011696811765432358,
    "exp+2": 0.01956353895366192,
    "exp-1": 0.0038738870061933994,
    "exp-2": 0.002493426203727722,
    "exp0": 0.00661468505859375
  },
  "250.0": {
    "exp+1": 0.008786099962890148,
    "exp+2": 0.014695217832922935,
    "exp-1": 0.002909883391112089,
    "exp-2": 0.0018729455769062042,
    "exp0": 0.0049686431884765625
  },
  "300.0": {
    "exp+1": 0.006706779357045889,
    "exp+2": 0.011217444203794003,
    "exp-1": 0.002221229486167431,
    "exp-2": 0.0014296937733888626,
    "exp0": 0.0037927627563476562
  }
}