{
  "100.0": {
    "exp+1": 0.026409586891531944,
    "exp+2": 0.04415947571396828,
    "exp-1": 0.008748713880777359,
    "exp-2": 0.005628183484077454,
    "exp0": 0.01493072509765625
  },
  "110.0": {
    "exp+1": 0.022530192509293556,
    "exp+2": 0.03768293932080269,
    "exp-1": 0.007461812347173691,
    "exp-2": 0.004802793264389038,
    "exp0": 0.0127410888671875
  },
  "125.0": {
    "exp+1": 0.018887585029006004,
    "exp+2": 0.03159048780798912,
    "exp-1": 0.006255411542952061,
    "exp-2": 0.004026293754577637,
    "exp0": 0.01068115234375
  },
  "140.0": {
    "exp+1": 0.017100010067224503,
    "exp+2": 0.028600674122571945,
    "exp-1": 0.005663381423801184,
    "exp-2": 0.0036452338099479675,
    "exp0": 0.009670257568359375
  },
  "160.0": {
    "exp+1": 0.01416568923741579,
    "exp+2": 0.023692866787314415,
    "exp-1": 0.004691558424383402,
    "exp-2": 0.0030197203159332275,
    "exp0": 0.0080108642578125
  },
  "180.0": {
    "exp+1": 0.011892433278262615,
    "exp+2": 0.01989072561264038,
    "exp-1": 0.0039386749267578125,
    "exp-2": 0.002535127103328705,
    "exp0": 0.006725311279296875
  },
  "200.0": {
    "exp+1": 0.010064921341836452,
    "exp+2": 0.016838673502206802,
    "exp-1": 0.00333435763604939,
    "exp-2": 0.002146158367395401,
    "exp0": 0.0056934356689453125
  },
  "250.0": {
    "exp+1": 0.007613598369061947,
    "exp+2": 0.012737595476210117,
    "exp-1": 0.0025222713593393564,
    "exp-2": 0.0016234591603279114,
    "exp0": 0.004306793212890625
  },
  "300.0": {
    "exp+1": 0.006275062914937735,
    "exp+2": 0.010495375841856003,
    "exp-1": 0.002078248653560877,
    "exp-2": 0.0013376642018556595,
    "exp0": 0.0035486221313476562
  }
}