{
  "100.0": {
    "exp+1": 0.04430588334798813,
    "exp+2": 0.07412400841712952,
    "exp-1": 0.01467787567526102,
    "exp-2": 0.009447410702705383,
    "exp0": 0.02506256103515625
  },
  "110.0": {
    "exp+1": 0.039515528827905655,
    "exp+2": 0.06609181314706802,
    "exp-1": 0.013087213970720768,
    "exp-2": 0.008423581719398499,
    "exp0": 0.02234649658203125
  },
  "125.0": {
    "exp+1": 0.033444516360759735,
    "exp+2": 0.05593772977590561,
    "exp-1": 0.011076546274125576,
    "exp-2": 0.00712941586971283,
    "exp0": 0.01891326904296875
  },
  "140.0": {
    "exp+1": 0.02696877531707287,
    "exp+2": 0.04510670527815819,
    "exp-1": 0.008931834250688553,
    "exp-2": 0.005748972296714783,
    "exp0": 0.01525115966796875
  },
  "160.0": {
    "exp+1": 0.020594215020537376,
    "exp+2": 0.034444913268089294,
    "exp-1": 0.0068206326104700565,
    "exp-2": 0.00439009815454483,
    "exp0": 0.011646270751953125
  },
  "180.0": {
    "exp+1": 0.018145574256777763,
    "exp+2": 0.030349433422088623,
    "exp-1": 0.006009662989526987,
    "exp-2": 0.003868117928504944,
    "exp0": 0.01026153564453125
  },
  "200.0": {
    "exp+1": 0.014590660110116005,
    "exp+2": 0.024403652176260948,
    "exp-1": 0.004832305479794741,
    "exp-2": 0.0031103119254112244,
    "exp0": 0.008251190185546875
  },
  "250.0": {
    "exp+1": 0.010877532884478569,
    "exp+2": 0.018198177218437195,
    "exp-1": 0.003603563876822591,
    "exp-2": 0.00231943279504776,
    "exp0": 0.006153106689453125
  },
  "300.0": {
    "exp+1": 0.008432953618466854,
    "exp+2": 0.014108382165431976,
    "exp-1": 0.0027937113773077726,
    "exp-2": 0.0017981715500354767,
    "exp0": 0.0047702789306640625
  }
}