{
  "100.0": {
    "exp+1": 0.0841846689581871,
    "exp+2": 0.14080332219600677,
    "exp-1": 0.027881262823939323,
    "exp-2": 0.01794576644897461,
    "exp0": 0.047607421875
  },
  "110.0": {
    "exp+1": 0.07136121392250061,
    "exp+2": 0.11932310461997986,
    "exp-1": 0.02364068292081356,
    "exp-2": 0.015227586030960083,
    "exp0": 0.04034423828125
  },
  "125.0": {
    "exp+1": 0.05525967851281166,
    "exp+2": 0.09242474287748337,
    "exp-1": 0.018301546573638916,
    "exp-2": 0.01177978515625,
    "exp0": 0.031249999999999997
  },
  "140.0": {
    "exp+1": 0.04769120365381241,
    "exp+2": 0.07978767156600952,
    "exp-1": 0.01579938270151615,
    "exp-2": 0.010169267654418945,
    "exp0": 0.0269775390625
  },
  "160.0": {
    "exp+1": 0.03544120490550995,
    "exp+2": 0.05927729606628418,
    "exp-1": 0.011737832799553871,
    "exp-2": 0.007555052638053894,
    "exp0": 0.02004241943359375
  },
  "180.0": {
    "exp+1": 0.031038349494338036,
    "exp+2": 0.05189923197031021,
    "exp-1": 0.01028208527714014,
    "exp-2": 0.006614625453948975,
    "exp0": 0.017547607421875
  },
  "200.0": {
    "exp+1": 0.023279134184122086,
    "exp+2": 0.03894612938165665,
    "exp-1": 0.007712028454989195,
    "exp-2": 0.0049638450145721436,
    "exp0": 0.0131683349609375
  },
  "250.0": {
    "exp+1": 0.01693137176334858,
    "exp+2": 0.02831861563026905,
    "exp-1": 0.005607529543340206,
    "exp-2": 0.00360928475856781,
    "exp0": 0.00957489013671875
  },
  "300.0": {
    "exp+1": 0.013342730700969696,
    "exp+2": 0.022316424176096916,
    "exp-1": 0.004419001284986734,
    "exp-2": 0.002844288945198059,
    "exp0": 0.00754547119140625
  }
}