{
  "100.0": {
    "exp+1": 0.05776903033256531,
    "exp+2": 0.09662176668643951,
    "exp-1": 0.019132623448967934,
    "exp-2": 0.012314707040786743,
    "exp0": 0.0326690673828125
  },
  "110.0": {
    "exp+1": 0.04298274964094162,
    "exp+2": 0.0718909278512001,
    "exp-1": 0.014235529117286205,
    "exp-2": 0.009162694215774536,
    "exp0": 0.0243072509765625
  },
  "125.0": {
    "exp+1": 0.039945006370544434,
    "exp+2": 0.06679205596446991,
    "exp-1": 0.013225726783275604,
    "exp-2": 0.008512735366821289,
    "exp0": 0.0225830078125
  },
  "140.0": {
    "exp+1": 0.031893037259578705,
    "exp+2": 0.0533427968621254,
    "exp-1": 0.010562708601355553,
    "exp-2": 0.006798684597015381,
    "exp0": 0.018035888671875
  },
  "160.0": {
    "exp+1": 0.025571979582309723,
    "exp+2": 0.042782075703144073,
    "exp-1": 0.008471614681184292,
    "exp-2": 0.005452752113342285,
    "exp0": 0.01446533203125
  },
  "180.0": {
    "exp+1": 0.019804982468485832,
    "exp+2": 0.033124882727861404,
    "exp-1": 0.006559245754033327,
    "exp-2": 0.004221856594085693,
    "exp0": 0.011199951171875
  },
  "200.0": {
    "exp+1": 0.017796533182263374,
    "exp+2": 0.029773706570267677,
    "exp-1": 0.005895725451409817,
    "exp-2": 0.0037947818636894226,
    "exp0": 0.010066986083984375
  },
  "250.0": {
    "exp+1": 0.012155510485172272,
    "exp+2": 0.02033073641359806,
    "exp-1": 0.004025803878903389,
    "exp-2": 0.0025912076234817505,
    "exp0": 0.00687408447265625
  },
  "300.0": {
    "exp+1": 0.009514621458947659,
    "exp+2": 0.01591370813548565,
    "exp-1": 0.0031511634588241577,
    "exp-2": 0.0020282454788684845,
    "exp0": 0.0053806304931640625
  }
}