{
  "100.0": {
    "exp+1": 0.1356668323278427,
    "exp+2": 0.22690996527671814,
    "exp-1": 0.04493172839283943,
    "exp-2": 0.028920292854309082,
    "exp0": 0.07672119140625
  },
  "110.0": {
    "exp+1": 0.10536303371191025,
    "exp+2": 0.17627298831939697,
    "exp-1": 0.034905195236206055,
    "exp-2": 0.022466719150543213,
    "exp0": 0.059600830078125
  },
  "125.0": {
    "exp+1": 0.07971012592315674,
    "exp+2": 0.133355513215065,
    "exp-1": 0.026406772434711456,
    "exp-2": 0.016996711492538452,
    "exp0": 0.0450897216796875
  },
  "140.0": {
    "exp+1": 0.06500893831253052,
    "exp+2": 0.10876034200191498,
    "exp-1": 0.021536488085985184,
    "exp-2": 0.01386195421218872,
    "exp0": 0.036773681640625
  },
  "160.0": {
    "exp+1": 0.047947484999895096,
    "exp+2": 0.08019471168518066,
    "exp-1": 0.015879807993769646,
    "exp-2": 0.010221034288406372,
    "exp0": 0.0271148681640625
  },
  "180.0": {
    "exp+1": 0.038881443440914154,
    "exp+2": 0.0650312751531601,
    "exp-1": 0.012877210974693298,
    "exp-2": 0.008288413286209106,
    "exp0": 0.0219879150390625
  },
  "200.0": {
    "exp+1": 0.029173098504543304,
    "exp+2": 0.04880676791071892,
    "exp-1": 0.009664610959589481,
    "exp-2": 0.006220623850822449,
    "exp0": 0.01650238037109375
  },
  "250.0": {
    "exp+1": 0.02201078273355961,
    "exp+2": 0.03681420162320137,
    "exp-1": 0.007289788220077753,
    "exp-2": 0.004692070186138153,
    "exp0": 0.012447357177734375
  },
  "300.0": {
    "exp+1": 0.017030606046319008,
    "exp+2": 0.028476882725954056,
    "exp-1": 0.005638806615024805,
    "exp-2": 0.0036294162273406982,
    "exp0": 0.0096282958984375
  }
}